specCond,pred,location_name
0,0.3606770873762315,West Lake Bonney
0.1,0.41672697534504266,West Lake Bonney
0.2,0.4727768633139391,West Lake Bonney
0.30000000000000004,0.5288267512827503,West Lake Bonney
0.4,0.584876639251604,West Lake Bonney
0.5,0.6409265272204294,West Lake Bonney
0.6000000000000001,0.696976415189269,West Lake Bonney
0.7000000000000001,0.7530263031581228,West Lake Bonney
0.8,0.8090761911371516,West Lake Bonney
0.9,0.8651260856185985,West Lake Bonney
1,0.9211760160512057,West Lake Bonney
1.1,0.9772260230849099,West Lake Bonney
1.2000000000000002,1.033276183431468,West Lake Bonney
1.3,1.089326636090746,West Lake Bonney
1.4000000000000001,1.1453775923016423,West Lake Bonney
1.5,1.2014293387012316,West Lake Bonney
1.6,1.257482224841084,West Lake Bonney
1.7000000000000002,1.3135366655249499,West Lake Bonney
1.8,1.3695931217816764,West Lake Bonney
1.9000000000000001,1.4256521011940748,West Lake Bonney
2,1.481714157256775,West Lake Bonney
2.1,1.5377799091787523,West Lake Bonney
2.2,1.5938500296696532,West Lake Bonney
2.3000000000000003,1.6499252227103938,West Lake Bonney
2.4000000000000004,1.7060062449427278,West Lake Bonney
2.5,1.7620939163143277,West Lake Bonney
2.6,1.8181891171080622,West Lake Bonney
2.7,1.8742927757193115,West Lake Bonney
2.8000000000000003,1.9304058539297486,West Lake Bonney
2.9000000000000004,1.9865293497935141,West Lake Bonney
3,2.042664281266788,West Lake Bonney
3.1,2.0988116743300367,West Lake Bonney
3.2,2.1549725568952383,West Lake Bonney
3.3000000000000003,2.2111479636371527,West Lake Bonney
3.4000000000000004,2.2673389484163096,West Lake Bonney
3.5,2.323546600437986,West Lake Bonney
3.6,2.379772037082631,West Lake Bonney
3.7,2.436016393021042,West Lake Bonney
3.8000000000000003,2.4922808207338676,West Lake Bonney
3.9000000000000004,2.5485664892646938,West Lake Bonney
4,2.604874574139849,West Lake Bonney
4.1000000000000005,2.6612062593402896,West Lake Bonney
4.2,2.71756273850837,West Lake Bonney
4.3,2.773945210712924,West Lake Bonney
4.4,2.83035488132861,West Lake Bonney
4.5,2.886792957416276,West Lake Bonney
4.6000000000000005,2.9432606495883036,West Lake Bonney
4.7,2.999759171840246,West Lake Bonney
4.800000000000001,3.056289741601745,West Lake Bonney
4.9,3.1128535795650265,West Lake Bonney
5,3.1694519083828894,West Lake Bonney
5.1000000000000005,3.226085952327338,West Lake Bonney
5.2,3.2827569420177483,West Lake Bonney
5.300000000000001,3.3394661128048924,West Lake Bonney
5.4,3.3962147071156252,West Lake Bonney
5.5,3.453003972294809,West Lake Bonney
5.6000000000000005,3.509835156248954,West Lake Bonney
5.7,3.5667095078069977,West Lake Bonney
5.800000000000001,3.6236282765599412,West Lake Bonney
5.9,3.680592712438518,West Lake Bonney
6,3.7376040653773686,West Lake Bonney
6.1000000000000005,3.7946635853295803,West Lake Bonney
6.2,3.851772522377807,West Lake Bonney
6.300000000000001,3.908932126626418,West Lake Bonney
6.4,3.96614364814333,West Lake Bonney
6.5,4.023408336935695,West Lake Bonney
6.6000000000000005,4.08072744212307,West Lake Bonney
6.7,4.13810221094284,West Lake Bonney
6.800000000000001,4.195533888662467,West Lake Bonney
6.9,4.253023718070914,West Lake Bonney
7,4.310572938118277,West Lake Bonney
7.1000000000000005,4.368182783227105,West Lake Bonney
7.2,4.425854484132273,West Lake Bonney
7.300000000000001,4.483589269236546,West Lake Bonney
7.4,4.541388365124597,West Lake Bonney
7.5,4.599252996687277,West Lake Bonney
7.6000000000000005,4.6571843865798,West Lake Bonney
7.7,4.715183754496735,West Lake Bonney
7.800000000000001,4.773252316444797,West Lake Bonney
7.9,4.831391287687957,West Lake Bonney
8,4.889601880052155,West Lake Bonney
8.1,4.947885302369535,West Lake Bonney
8.200000000000001,5.006242763367588,West Lake Bonney
8.3,5.064675471773668,West Lake Bonney
8.4,5.12318463631518,West Lake Bonney
8.5,5.181771465719571,West Lake Bonney
8.6,5.2404371679754504,West Lake Bonney
8.700000000000001,5.299182947534568,West Lake Bonney
8.8,5.3580100043813985,West Lake Bonney
8.9,5.416919534083846,West Lake Bonney
9,5.47591273112473,West Lake Bonney
9.1,5.534990789646088,West Lake Bonney
9.200000000000001,5.594154900506041,West Lake Bonney
9.3,5.653406251242458,West Lake Bonney
9.4,5.712746020685444,West Lake Bonney
9.5,5.772175379524107,West Lake Bonney
9.600000000000001,5.831695493748995,West Lake Bonney
9.700000000000001,5.891307528744754,West Lake Bonney
9.8,5.951012648315768,West Lake Bonney
9.9,6.010812009605978,West Lake Bonney
10,6.0707067556716225,West Lake Bonney
10.100000000000001,6.130698016279872,West Lake Bonney
10.200000000000001,6.190786911866745,West Lake Bonney
10.3,6.25097455361648,West Lake Bonney
10.4,6.311262050449557,West Lake Bonney
10.5,6.37165050627253,West Lake Bonney
10.600000000000001,6.4321410233573175,West Lake Bonney
10.700000000000001,6.492734703974762,West Lake Bonney
10.8,6.553432650395834,West Lake Bonney
10.9,6.614235964891478,West Lake Bonney
11,6.675145749732664,West Lake Bonney
11.100000000000001,6.736163107157083,West Lake Bonney
11.200000000000001,6.797289136440462,West Lake Bonney
11.3,6.8585249315983035,West Lake Bonney
11.4,6.919871586105195,West Lake Bonney
11.5,6.981330193435795,West Lake Bonney
11.600000000000001,7.04290184706467,West Lake Bonney
11.700000000000001,7.104587640466512,West Lake Bonney
11.8,7.166388667115925,West Lake Bonney
11.9,7.228306020487473,West Lake Bonney
12,7.29034079219749,West Lake Bonney
12.100000000000001,7.352494067196034,West Lake Bonney
12.200000000000001,7.414766928938768,West Lake Bonney
12.3,7.477160460881429,West Lake Bonney
12.4,7.539675746479631,West Lake Bonney
12.5,7.60231386918899,West Lake Bonney
12.600000000000001,7.6650759124649,West Lake Bonney
12.700000000000001,7.727962957585554,West Lake Bonney
12.8,7.790976078529965,West Lake Bonney
12.9,7.854116347749169,West Lake Bonney
13,7.917384837692211,West Lake Bonney
13.100000000000001,7.980782617546431,West Lake Bonney
13.200000000000001,8.04431074201078,West Lake Bonney
13.3,8.107970259464402,West Lake Bonney
13.4,8.171762210802854,West Lake Bonney
13.5,8.235687633500618,West Lake Bonney
13.600000000000001,8.29974756473797,West Lake Bonney
13.700000000000001,8.363943035710172,West Lake Bonney
13.8,8.42827507182674,West Lake Bonney
13.9,8.492744698260807,West Lake Bonney
14,8.557352940185375,West Lake Bonney
14.100000000000001,8.622100822771387,West Lake Bonney
14.200000000000001,8.68698936831808,West Lake Bonney
14.3,8.752019590050665,West Lake Bonney
14.4,8.817192492314746,West Lake Bonney
14.5,8.882509074262984,West Lake Bonney
14.600000000000001,8.94797033493704,West Lake Bonney
14.700000000000001,9.013577273378644,West Lake Bonney
14.8,9.079330886335825,West Lake Bonney
14.9,9.145232158137475,West Lake Bonney
15,9.211282047135818,West Lake Bonney
15.100000000000001,9.277481486840507,West Lake Bonney
15.200000000000001,9.343831405979294,West Lake Bonney
15.3,9.410332724025778,West Lake Bonney
15.4,9.47698634794196,West Lake Bonney
15.5,9.543793178778962,West Lake Bonney
15.600000000000001,9.610754108649388,West Lake Bonney
15.700000000000001,9.677870011450587,West Lake Bonney
15.8,9.74514174420041,West Lake Bonney
15.9,9.812570149815066,West Lake Bonney
16,9.880156066469418,West Lake Bonney
16.1,9.947900317459123,West Lake Bonney
16.2,10.015803706049383,West Lake Bonney
16.3,10.08386702893867,West Lake Bonney
16.400000000000002,10.152091082371548,West Lake Bonney
16.5,10.220476651102224,West Lake Bonney
16.6,10.289024502502379,West Lake Bonney
16.7,10.357735401961989,West Lake Bonney
16.8,10.426610114870975,West Lake Bonney
16.900000000000002,10.495649406619272,West Lake Bonney
17,10.56485404259682,West Lake Bonney
17.1,10.634224788193578,West Lake Bonney
17.2,10.703762408792954,West Lake Bonney
17.3,10.773467665807168,West Lake Bonney
17.400000000000002,10.843341309937372,West Lake Bonney
17.5,10.913384089902642,West Lake Bonney
17.6,10.983596747350745,West Lake Bonney
17.7,11.053980015014552,West Lake Bonney
17.8,11.124534625057507,West Lake Bonney
17.900000000000002,11.195261309643087,West Lake Bonney
18,11.266160800934742,West Lake Bonney
18.1,11.33723383109593,West Lake Bonney
18.2,11.408481132290106,West Lake Bonney
18.3,11.479903436680793,West Lake Bonney
18.400000000000002,11.55150147586582,West Lake Bonney
18.5,11.623275969852763,West Lake Bonney
18.6,11.69522761941272,West Lake Bonney
18.7,11.76735712144746,West Lake Bonney
18.8,11.839665172857579,West Lake Bonney
18.900000000000002,11.912152470033227,West Lake Bonney
19,11.984819700121072,West Lake Bonney
19.1,12.05766754222855,West Lake Bonney
19.200000000000003,12.130696675195182,West Lake Bonney
19.3,12.203907777560879,West Lake Bonney
19.400000000000002,12.27730151950066,West Lake Bonney
19.5,12.35087856191339,West Lake Bonney
19.6,12.424639565215365,West Lake Bonney
19.700000000000003,12.498585189822343,West Lake Bonney
19.8,12.572716092464297,West Lake Bonney
19.900000000000002,12.647032917394661,West Lake Bonney
20,12.721536306229247,West Lake Bonney
20.1,12.796226900578588,West Lake Bonney
20.200000000000003,12.871105337606977,West Lake Bonney
20.3,12.946172241982623,West Lake Bonney
20.400000000000002,13.021428236194609,West Lake Bonney
20.5,13.096873939911397,West Lake Bonney
20.6,13.1725099599173,West Lake Bonney
20.700000000000003,13.248336899319732,West Lake Bonney
20.8,13.324355361152818,West Lake Bonney
20.900000000000002,13.40056593818747,West Lake Bonney
21,13.476969198317782,West Lake Bonney
21.1,13.553565705291646,West Lake Bonney
21.200000000000003,13.630356022856837,West Lake Bonney
21.3,13.707340714761187,West Lake Bonney
21.400000000000002,13.784520344752487,West Lake Bonney
21.5,13.861895476578624,West Lake Bonney
21.6,13.939466673987368,West Lake Bonney
21.700000000000003,14.01723450072653,West Lake Bonney
21.8,14.095199519780856,West Lake Bonney
21.900000000000002,14.173362276877533,West Lake Bonney
22,14.251723296327263,West Lake Bonney
22.1,14.330283091397362,West Lake Bonney
22.200000000000003,14.409042165024921,West Lake Bonney
22.3,14.488001019612064,West Lake Bonney
22.400000000000002,14.56716015756085,West Lake Bonney
22.5,14.64652008127338,West Lake Bonney
22.6,14.726081293151772,West Lake Bonney
22.700000000000003,14.805844295598078,West Lake Bonney
22.8,14.885809591014372,West Lake Bonney
22.900000000000002,14.965977681802798,West Lake Bonney
23,15.046349068174592,West Lake Bonney
23.1,15.126924236641479,West Lake Bonney
23.200000000000003,15.207703668430398,West Lake Bonney
23.3,15.288687844757106,West Lake Bonney
23.400000000000002,15.369877246803206,West Lake Bonney
23.5,15.45127234951456,West Lake Bonney
23.6,15.532873614380161,West Lake Bonney
23.700000000000003,15.614681501136868,West Lake Bonney
23.8,15.696696469521552,West Lake Bonney
23.900000000000002,15.778918979270934,West Lake Bonney
24,15.861349486213207,West Lake Bonney
24.1,15.943988431662277,West Lake Bonney
24.200000000000003,16.026836253563776,West Lake Bonney
24.3,16.109893389863363,West Lake Bonney
24.400000000000002,16.19316027850667,West Lake Bonney
24.5,16.2766373574394,West Lake Bonney
24.6,16.360325064607164,West Lake Bonney
24.700000000000003,16.444223837955633,West Lake Bonney
24.8,16.528334115430443,West Lake Bonney
24.900000000000002,16.612656334977256,West Lake Bonney
25,16.69719093447597,West Lake Bonney
25.1,16.781938344600267,West Lake Bonney
25.200000000000003,16.86689898241535,West Lake Bonney
25.3,16.95207326347559,West Lake Bonney
25.400000000000002,17.037461603335334,West Lake Bonney
25.5,17.12306441754897,West Lake Bonney
25.6,17.20888212167081,West Lake Bonney
25.700000000000003,17.29491513125529,West Lake Bonney
25.8,17.381163861856713,West Lake Bonney
25.900000000000002,17.467628729029432,West Lake Bonney
26,17.55431014832785,West Lake Bonney
26.1,17.64120853530629,West Lake Bonney
26.200000000000003,17.72832430551914,West Lake Bonney
26.3,17.815657874520753,West Lake Bonney
26.400000000000002,17.90320965786549,West Lake Bonney
26.5,17.990980071107714,West Lake Bonney
26.6,18.078969529801775,West Lake Bonney
26.700000000000003,18.167178449502032,West Lake Bonney
26.8,18.255607245762874,West Lake Bonney
26.900000000000002,18.344256334138635,West Lake Bonney
27,18.43312613018367,West Lake Bonney
27.1,18.522217049452372,West Lake Bonney
27.200000000000003,18.611529507499085,West Lake Bonney
27.3,18.701063919878155,West Lake Bonney
27.400000000000002,18.79082070214396,West Lake Bonney
27.5,18.880800269850848,West Lake Bonney
27.6,18.971003038553228,West Lake Bonney
27.700000000000003,19.061429423805386,West Lake Bonney
27.8,19.152079841161726,West Lake Bonney
27.900000000000002,19.24295470617661,West Lake Bonney
28,19.334054434404372,West Lake Bonney
28.1,19.425379441399397,West Lake Bonney
28.200000000000003,19.516930142716063,West Lake Bonney
28.3,19.608706953908687,West Lake Bonney
28.400000000000002,19.700710290531642,West Lake Bonney
28.5,19.792940568139322,West Lake Bonney
28.6,19.88539820228605,West Lake Bonney
28.700000000000003,19.9780836085262,West Lake Bonney
28.8,20.070997202414155,West Lake Bonney
28.900000000000002,20.164139399504226,West Lake Bonney
29,20.257510615350807,West Lake Bonney
29.1,20.35111126550826,West Lake Bonney
29.200000000000003,20.444941765530952,West Lake Bonney
29.3,20.539002530973214,West Lake Bonney
29.400000000000002,20.633293977389442,West Lake Bonney
29.5,20.72781652033395,West Lake Bonney
29.6,20.822570575361176,West Lake Bonney
29.700000000000003,20.91755655802541,West Lake Bonney
29.8,21.012774883881026,West Lake Bonney
29.900000000000002,21.10822596848238,West Lake Bonney
30,21.20391022738389,West Lake Bonney
30.1,21.29982807613985,West Lake Bonney
30.200000000000003,21.39597993030467,West Lake Bonney
30.3,21.49236620543265,West Lake Bonney
30.400000000000002,21.588987317078203,West Lake Bonney
30.5,21.6858436807957,West Lake Bonney
30.6,21.782935712139437,West Lake Bonney
30.700000000000003,21.88026382666384,West Lake Bonney
30.8,21.977828439923236,West Lake Bonney
30.900000000000002,22.075629967472,West Lake Bonney
31,22.173668824864478,West Lake Bonney
31.1,22.271945427655048,West Lake Bonney
31.200000000000003,22.370460191398063,West Lake Bonney
31.3,22.46921353164788,West Lake Bonney
31.400000000000002,22.568205863958866,West Lake Bonney
31.5,22.66743760388537,West Lake Bonney
31.6,22.766909166981776,West Lake Bonney
31.700000000000003,22.866620968802437,West Lake Bonney
31.8,22.966573424901686,West Lake Bonney
31.900000000000002,23.06676695083393,West Lake Bonney
32,23.167201957968,West Lake Bonney
32.1,23.267878841115543,West Lake Bonney
32.2,23.368797990994523,West Lake Bonney
32.300000000000004,23.469959795237433,West Lake Bonney
32.4,23.571364625090453,West Lake Bonney
32.5,23.673012846381326,West Lake Bonney
32.6,23.77490482493422,West Lake Bonney
32.7,23.877040926573386,West Lake Bonney
32.800000000000004,23.97942151712303,West Lake Bonney
32.9,24.082046962407368,West Lake Bonney
33,24.184917628250616,West Lake Bonney
33.1,24.288033880476995,West Lake Bonney
33.2,24.39139608491075,West Lake Bonney
33.300000000000004,24.49500460737609,West Lake Bonney
33.4,24.59885981369719,West Lake Bonney
33.5,24.702962069698337,West Lake Bonney
33.6,24.807311741203726,West Lake Bonney
33.7,24.911909194037555,West Lake Bonney
33.800000000000004,25.016754794024074,West Lake Bonney
33.9,25.12184890698749,West Lake Bonney
34,25.227191898752018,West Lake Bonney
34.1,25.33278413514187,West Lake Bonney
34.2,25.438625981981296,West Lake Bonney
34.300000000000004,25.54471780509451,West Lake Bonney
34.4,25.651059970305703,West Lake Bonney
34.5,25.75765284343912,West Lake Bonney
34.6,25.86449679031898,West Lake Bonney
34.7,25.971592176769484,West Lake Bonney
34.800000000000004,26.07893936861488,West Lake Bonney
34.9,26.18653873167935,West Lake Bonney
35,26.294390631787152,West Lake Bonney
35.1,26.402495434762482,West Lake Bonney
35.2,26.510853506429605,West Lake Bonney
35.300000000000004,26.619465212612674,West Lake Bonney
35.4,26.728330919135914,West Lake Bonney
35.5,26.837450991823616,West Lake Bonney
35.6,26.946825796499937,West Lake Bonney
35.7,27.05645569898913,West Lake Bonney
35.800000000000004,27.166341065115397,West Lake Bonney
35.9,27.27648226070293,West Lake Bonney
36,27.38687965157601,West Lake Bonney
36.1,27.49753360355882,West Lake Bonney
36.2,27.608444482475576,West Lake Bonney
36.300000000000004,27.71961265415053,West Lake Bonney
36.4,27.831038484407852,West Lake Bonney
36.5,27.94272233907182,West Lake Bonney
36.6,28.054664583966613,West Lake Bonney
36.7,28.166865584916465,West Lake Bonney
36.800000000000004,28.27932570774558,West Lake Bonney
36.9,28.3920453182782,West Lake Bonney
37,28.505024782338534,West Lake Bonney
37.1,28.618264465750812,West Lake Bonney
37.2,28.73176473433925,West Lake Bonney
37.300000000000004,28.845525953928046,West Lake Bonney
37.4,28.95954849034146,West Lake Bonney
37.5,29.073832709403668,West Lake Bonney
37.6,29.18837897693893,West Lake Bonney
37.7,29.303187658767193,West Lake Bonney
37.800000000000004,29.418259115113337,West Lake Bonney
37.9,29.533593689589203,West Lake Bonney
38,29.649191722737534,West Lake Bonney
38.1,29.765053555101005,West Lake Bonney
38.2,29.8811795272224,West Lake Bonney
38.300000000000004,29.997569979644368,West Lake Bonney
38.400000000000006,30.11422525290962,West Lake Bonney
38.5,30.231145687560918,West Lake Bonney
38.6,30.348331624140947,West Lake Bonney
38.7,30.465783403192436,West Lake Bonney
38.800000000000004,30.583501365258087,West Lake Bonney
38.900000000000006,30.70148585088063,West Lake Bonney
39,30.81973720060276,West Lake Bonney
39.1,30.93825575496718,West Lake Bonney
39.2,31.057041854516665,West Lake Bonney
39.300000000000004,31.17609583979387,West Lake Bonney
39.400000000000006,31.295418051341528,West Lake Bonney
39.5,31.415008829702348,West Lake Bonney
39.6,31.534868515419056,West Lake Bonney
39.7,31.65499744903437,West Lake Bonney
39.800000000000004,31.775395971090997,West Lake Bonney
39.900000000000006,31.89606442213164,West Lake Bonney
40,32.01700314269901,West Lake Bonney
40.1,32.13821247333586,West Lake Bonney
40.2,32.2596927545849,West Lake Bonney
40.300000000000004,32.38144432698878,West Lake Bonney
40.400000000000006,32.50346753109027,West Lake Bonney
40.5,32.62576270743209,West Lake Bonney
40.6,32.74833019655693,West Lake Bonney
40.7,32.87117033900753,West Lake Bonney
40.800000000000004,32.99428347532656,West Lake Bonney
40.900000000000006,33.11766994605676,West Lake Bonney
41,33.24133009174086,West Lake Bonney
41.1,33.36526425292156,West Lake Bonney
41.2,33.48947277014159,West Lake Bonney
41.300000000000004,33.61395598394365,West Lake Bonney
41.400000000000006,33.73871423487043,West Lake Bonney
41.5,33.863747863464674,West Lake Bonney
41.6,33.98905721026909,West Lake Bonney
41.7,34.11464261582641,West Lake Bonney
41.800000000000004,34.240504420679315,West Lake Bonney
41.900000000000006,34.36664296537056,West Lake Bonney
42,34.493058590442814,West Lake Bonney
42.1,34.619751636438835,West Lake Bonney
42.2,34.746722443901305,West Lake Bonney
42.300000000000004,34.873971353372944,West Lake Bonney
42.400000000000006,35.00149870539649,West Lake Bonney
42.5,35.12930484051462,West Lake Bonney
42.6,35.25739009927009,West Lake Bonney
42.7,35.38575482220557,West Lake Bonney
42.800000000000004,35.514399349863815,West Lake Bonney
42.900000000000006,35.64332402278751,West Lake Bonney
43,35.7725291815194,West Lake Bonney
43.1,35.90201516660216,West Lake Bonney
43.2,36.031782318578564,West Lake Bonney
43.300000000000004,36.161830977991265,West Lake Bonney
43.400000000000006,36.292161485383005,West Lake Bonney
43.5,36.422774181296475,West Lake Bonney
43.6,36.55366940627443,West Lake Bonney
43.7,36.684847500859554,West Lake Bonney
43.800000000000004,36.81630880559459,West Lake Bonney
43.900000000000006,36.948053661022215,West Lake Bonney
44,37.08008240768516,West Lake Bonney
44.1,37.21239538612615,West Lake Bonney
44.2,37.344992936887884,West Lake Bonney
44.300000000000004,37.477875400513106,West Lake Bonney
44.400000000000006,37.61104311754448,West Lake Bonney
44.5,37.744496428524755,West Lake Bonney
44.6,37.87823567399666,West Lake Bonney
44.7,38.01226119450288,West Lake Bonney
44.800000000000004,38.146573330586136,West Lake Bonney
44.900000000000006,38.28117242278914,West Lake Bonney
45,38.41605881165461,West Lake Bonney
45.1,38.55123283415012,West Lake Bonney
45.2,38.68669481111196,West Lake Bonney
45.300000000000004,38.822445058828905,West Lake Bonney
45.400000000000006,38.95848389358947,West Lake Bonney
45.5,39.09481163168215,West Lake Bonney
45.6,39.231428589395406,West Lake Bonney
45.7,39.368335083017826,West Lake Bonney
45.800000000000004,39.505531428837806,West Lake Bonney
45.900000000000006,39.643017943143924,West Lake Bonney
46,39.780794942224645,West Lake Bonney
46.1,39.918862742368475,West Lake Bonney
46.2,40.05722165775133,West Lake Bonney
46.300000000000004,40.19587198736041,West Lake Bonney
46.400000000000006,40.33481402353835,West Lake Bonney
46.5,40.47404805859962,West Lake Bonney
46.6,40.613574384858836,West Lake Bonney
46.7,40.753393294630484,West Lake Bonney
46.800000000000004,40.89350508022916,West Lake Bonney
46.900000000000006,41.03391003396938,West Lake Bonney
47,41.17460844816566,West Lake Bonney
47.1,41.315600615132624,West Lake Bonney
47.2,41.45688682718474,West Lake Bonney
47.300000000000004,41.598467376636606,West Lake Bonney
47.400000000000006,41.74034255580274,West Lake Bonney
47.5,41.8825126569977,West Lake Bonney
47.6,42.02497797253601,West Lake Bonney
47.7,42.167738794732244,West Lake Bonney
47.800000000000004,42.310795415900934,West Lake Bonney
47.900000000000006,42.45414812835662,West Lake Bonney
48,42.59779722441386,West Lake Bonney
48.1,42.74174299638718,West Lake Bonney
48.2,42.88598573659115,West Lake Bonney
48.300000000000004,43.0305257373403,West Lake Bonney
48.400000000000006,43.17536329094916,West Lake Bonney
48.5,43.320498689732304,West Lake Bonney
48.6,43.465932226004256,West Lake Bonney
48.7,43.61166419207958,West Lake Bonney
48.800000000000004,43.75769488027282,West Lake Bonney
48.900000000000006,43.9040245828985,West Lake Bonney
49,44.050653592271175,West Lake Bonney
49.1,44.19758220070542,West Lake Bonney
49.2,44.34481070051572,West Lake Bonney
49.300000000000004,44.49233938401666,West Lake Bonney
49.400000000000006,44.64016854352279,West Lake Bonney
49.5,44.78829847134864,West Lake Bonney
49.6,44.93672945980878,West Lake Bonney
49.7,45.08546180121771,West Lake Bonney
49.800000000000004,45.234495787890005,West Lake Bonney
49.900000000000006,45.38383171214021,West Lake Bonney
50,45.53346986628286,West Lake Bonney
50.1,45.6834105426325,West Lake Bonney
50.2,45.83365403350371,West Lake Bonney
50.300000000000004,45.98420063121097,West Lake Bonney
50.400000000000006,46.135050628068846,West Lake Bonney
50.5,46.28620431639193,West Lake Bonney
50.6,46.43766198849475,West Lake Bonney
50.7,46.5894239366918,West Lake Bonney
50.800000000000004,46.74149045329769,West Lake Bonney
50.900000000000006,46.89386183062694,West Lake Bonney
51,47.04653836099408,West Lake Bonney
51.1,47.199520336713675,West Lake Bonney
51.2,47.352808050100265,West Lake Bonney
51.300000000000004,47.50640179346838,West Lake Bonney
51.400000000000006,47.66030185895547,West Lake Bonney
51.5,47.81450852999926,West Lake Bonney
51.6,47.96902207755775,West Lake Bonney
51.7,48.12384277162492,West Lake Bonney
51.800000000000004,48.278970882194656,West Lake Bonney
51.900000000000006,48.4344066792609,West Lake Bonney
52,48.590150432817566,West Lake Bonney
52.1,48.746202412858594,West Lake Bonney
52.2,48.90256288937793,West Lake Bonney
52.300000000000004,49.059232132369445,West Lake Bonney
52.400000000000006,49.216210411827134,West Lake Bonney
52.5,49.373497994478434,West Lake Bonney
52.6,49.5310951315451,West Lake Bonney
52.7,49.689002058029814,West Lake Bonney
52.800000000000004,49.847219000287616,West Lake Bonney
52.900000000000006,50.00574618448812,West Lake Bonney
53,50.16458383680095,West Lake Bonney
53.1,50.323732183393766,West Lake Bonney
53.2,50.483191445876216,West Lake Bonney
53.300000000000004,50.64296183154485,West Lake Bonney
53.400000000000006,50.803043544894024,West Lake Bonney
53.5,50.96343679041814,West Lake Bonney
53.6,51.1241417726116,West Lake Bonney
53.7,51.28515869596875,West Lake Bonney
53.800000000000004,51.44648776498393,West Lake Bonney
53.900000000000006,51.60812918415157,West Lake Bonney
54,51.77008315769304,West Lake Bonney
54.1,51.93234988063211,West Lake Bonney
54.2,52.094929536802574,West Lake Bonney
54.300000000000004,52.25782230898723,West Lake Bonney
54.400000000000006,52.42102836566799,West Lake Bonney
54.5,52.58454785080714,West Lake Bonney
54.6,52.74838090513977,West Lake Bonney
54.7,52.91252766940077,West Lake Bonney
54.800000000000004,53.07698828432511,West Lake Bonney
54.900000000000006,53.24176289064768,West Lake Bonney
55,53.406851629103514,West Lake Bonney
55.1,53.57225464042757,West Lake Bonney
55.2,53.73797206535474,West Lake Bonney
55.300000000000004,53.904004044619995,West Lake Bonney
55.400000000000006,54.07035071895832,West Lake Bonney
55.5,54.23701222910461,West Lake Bonney
55.6,54.4039887157939,West Lake Bonney
55.7,54.57128031976106,West Lake Bonney
55.800000000000004,54.73888718128127,West Lake Bonney
55.900000000000006,54.906809430606906,West Lake Bonney
56,55.075047188265884,West Lake Bonney
56.1,55.2436005742602,West Lake Bonney
56.2,55.41246970101653,West Lake Bonney
56.300000000000004,55.58165466920235,West Lake Bonney
56.400000000000006,55.75115557847142,West Lake Bonney
56.5,55.92097252847756,West Lake Bonney
56.6,56.09110561887465,West Lake Bonney
56.7,56.2615549486852,West Lake Bonney
56.800000000000004,56.432320606357266,West Lake Bonney
56.900000000000006,56.60340267157932,West Lake Bonney
57,56.774801223775476,West Lake Bonney
57.1,56.94651634237002,West Lake Bonney
57.2,57.1185481067872,West Lake Bonney
57.300000000000004,57.29089659505124,West Lake Bonney
57.400000000000006,57.46356187296655,West Lake Bonney
57.5,57.63654399690843,West Lake Bonney
57.6,57.80984300993921,West Lake Bonney
57.7,57.98345895160179,West Lake Bonney
57.800000000000004,58.15739186143904,West Lake Bonney
57.900000000000006,58.33164177899377,West Lake Bonney
58,58.50620874380896,West Lake Bonney
58.1,58.68109279542739,West Lake Bonney
58.2,58.8562939733919,West Lake Bonney
58.300000000000004,59.03181231678526,West Lake Bonney
58.400000000000006,59.20764785507869,West Lake Bonney
58.5,59.383800608642225,West Lake Bonney
58.6,59.560270597488085,West Lake Bonney
58.7,59.737057841628406,West Lake Bonney
58.800000000000004,59.91416236107537,West Lake Bonney
58.900000000000006,60.0915841758411,West Lake Bonney
59,60.2693233059378,West Lake Bonney
59.1,60.44737977082189,West Lake Bonney
59.2,60.62575358008318,West Lake Bonney
59.300000000000004,60.804444731579984,West Lake Bonney
59.400000000000006,60.983453204879325,West Lake Bonney
59.5,61.162778964329846,West Lake Bonney
59.6,61.34242197108096,West Lake Bonney
59.7,61.52238217258317,West Lake Bonney
59.800000000000004,61.70265949856623,West Lake Bonney
59.900000000000006,61.88325387383669,West Lake Bonney
60,62.0641652231878,West Lake Bonney
60.1,62.245393471412655,West Lake Bonney
60.2,62.426938543304566,West Lake Bonney
60.300000000000004,62.608800363656655,West Lake Bonney
60.400000000000006,62.7909788572621,West Lake Bonney
60.5,62.97347394891415,West Lake Bonney
60.6,63.15628556340599,West Lake Bonney
60.7,63.339413625530725,West Lake Bonney
60.800000000000004,63.522858060081695,West Lake Bonney
60.900000000000006,63.70661879185207,West Lake Bonney
61,63.890695745634936,West Lake Bonney
61.1,64.07508884622357,West Lake Bonney
61.2,64.25979801841112,West Lake Bonney
61.300000000000004,64.44482318699089,West Lake Bonney
61.400000000000006,64.63016427675593,West Lake Bonney
61.5,64.8158212124995,West Lake Bonney
61.6,65.00179391901482,West Lake Bonney
61.7,65.18808232109507,West Lake Bonney
61.800000000000004,65.37468634353338,West Lake Bonney
61.900000000000006,65.56160591112305,West Lake Bonney
62,65.74884094865034,West Lake Bonney
62.1,65.93639137661941,West Lake Bonney
62.2,66.12425710395578,West Lake Bonney
62.300000000000004,66.31243803764721,West Lake Bonney
62.400000000000006,66.50093408468139,West Lake Bonney
62.5,66.68974515204593,West Lake Bonney
62.6,66.87887114672863,West Lake Bonney
62.7,67.06831197558093,West Lake Bonney
62.800000000000004,67.25806753866684,West Lake Bonney
62.900000000000006,67.44813772625795,West Lake Bonney
63,67.63852242786336,West Lake Bonney
63.1,67.82922153299214,West Lake Bonney
63.2,68.02023492976062,West Lake Bonney
63.300000000000004,68.21156249549217,West Lake Bonney
63.400000000000006,68.40320410246886,West Lake Bonney
63.5,68.59515962294432,West Lake Bonney
63.6,68.78742892917217,West Lake Bonney
63.7,68.98001189340607,West Lake Bonney
63.800000000000004,69.17290838789964,West Lake Bonney
63.900000000000006,69.3661182849065,West Lake Bonney
64,69.55964145668028,West Lake Bonney
64.10000000000001,69.75347777547461,West Lake Bonney
64.2,69.94762711354309,West Lake Bonney
64.3,70.14208934313949,West Lake Bonney
64.4,70.33686433634679,West Lake Bonney
64.5,70.53195195840627,West Lake Bonney
64.60000000000001,70.72735206250383,West Lake Bonney
64.7,70.92306449017981,West Lake Bonney
64.8,71.1190890804758,West Lake Bonney
64.9,71.31542567243329,West Lake Bonney
65,71.51207410509386,West Lake Bonney
65.10000000000001,71.709034217155,West Lake Bonney
65.2,71.90630583948484,West Lake Bonney
65.3,72.10388879516842,West Lake Bonney
65.4,72.30178290695568,West Lake Bonney
65.5,72.49998799759653,West Lake Bonney
65.60000000000001,72.6985038898411,West Lake Bonney
65.7,72.89733040643932,West Lake Bonney
65.8,73.09646737014123,West Lake Bonney
65.9,73.29591460369652,West Lake Bonney
66,73.49567192680962,West Lake Bonney
66.10000000000001,73.69573914865026,West Lake Bonney
66.2,73.89611607577035,West Lake Bonney
66.3,74.09680250712114,West Lake Bonney
66.4,74.29779823418531,West Lake Bonney
66.5,74.49910304813089,West Lake Bonney
66.60000000000001,74.70071673999419,West Lake Bonney
66.7,74.90263909467949,West Lake Bonney
66.8,75.10486988641594,West Lake Bonney
66.9,75.30740887853025,West Lake Bonney
67,75.51025582631495,West Lake Bonney
67.10000000000001,75.71341047105048,West Lake Bonney
67.2,75.91687254319015,West Lake Bonney
67.3,76.12064175736859,West Lake Bonney
67.4,76.32471780127695,West Lake Bonney
67.5,76.52910035895343,West Lake Bonney
67.60000000000001,76.73378911398524,West Lake Bonney
67.7,76.93878374218475,West Lake Bonney
67.8,77.14408391249587,West Lake Bonney
67.9,77.34968928651955,West Lake Bonney
68,77.55559951873786,West Lake Bonney
68.10000000000001,77.7618142622203,West Lake Bonney
68.2,77.9683331609275,West Lake Bonney
68.3,78.17515585433625,West Lake Bonney
68.4,78.3822819818921,West Lake Bonney
68.5,78.58971118304034,West Lake Bonney
68.60000000000001,78.79744309722642,West Lake Bonney
68.7,79.0054773638957,West Lake Bonney
68.8,79.21381362249383,West Lake Bonney
68.9,79.42245151246603,West Lake Bonney
69,79.6313906732577,West Lake Bonney
69.10000000000001,79.84063074431447,West Lake Bonney
69.2,80.05017136508164,West Lake Bonney
69.3,80.26001217500459,West Lake Bonney
69.4,80.47015281352881,West Lake Bonney
69.5,80.68059291982838,West Lake Bonney
69.60000000000001,80.89133212381614,West Lake Bonney
69.7,81.10237003721866,West Lake Bonney
69.8,81.31370626022982,West Lake Bonney
69.9,81.52534039057939,West Lake Bonney
70,81.73727202201351,West Lake Bonney
70.10000000000001,81.94950073051494,West Lake Bonney
70.2,82.16202607957132,West Lake Bonney
70.3,82.37484762200813,West Lake Bonney
70.4,82.58796489474591,West Lake Bonney
70.5,82.80137740974453,West Lake Bonney
70.60000000000001,83.01508467002108,West Lake Bonney
70.7,83.22908617843525,West Lake Bonney
70.8,83.44338143759083,West Lake Bonney
70.9,83.6579699376984,West Lake Bonney
71,83.8728511388187,West Lake Bonney
71.10000000000001,84.08802447611741,West Lake Bonney
71.2,84.30348936212641,West Lake Bonney
71.3,84.51924519739387,West Lake Bonney
71.4,84.73529137900103,West Lake Bonney
71.5,84.95162729277894,West Lake Bonney
71.60000000000001,85.16825230680615,West Lake Bonney
71.7,85.38516578100631,West Lake Bonney
71.8,85.60236707485578,West Lake Bonney
71.9,85.81985554532795,West Lake Bonney
72,86.03763054105133,West Lake Bonney
72.10000000000001,86.25569140891687,West Lake Bonney
72.2,86.47403749270477,West Lake Bonney
72.3,86.69266811806467,West Lake Bonney
72.4,86.91158258816438,West Lake Bonney
72.5,87.13078018954167,West Lake Bonney
72.60000000000001,87.35026019602012,West Lake Bonney
72.7,87.5700218639471,West Lake Bonney
72.8,87.79006444212806,West Lake Bonney
72.9,88.01038717922926,West Lake Bonney
73,88.2309893234277,West Lake Bonney
73.10000000000001,88.45187011362938,West Lake Bonney
73.2,88.67302877561028,West Lake Bonney
73.3,88.8944645267758,West Lake Bonney
73.4,89.1161765803348,West Lake Bonney
73.5,89.3381641494363,West Lake Bonney
73.60000000000001,89.56042644722913,West Lake Bonney
73.7,89.78296268494589,West Lake Bonney
73.8,90.00577206616924,West Lake Bonney
73.9,90.22885379212954,West Lake Bonney
74,90.45220705720305,West Lake Bonney
74.10000000000001,90.67583104454502,West Lake Bonney
74.2,90.89972493329245,West Lake Bonney
74.3,91.12388790197285,West Lake Bonney
74.4,91.3483191227312,West Lake Bonney
74.5,91.57301776365038,West Lake Bonney
74.60000000000001,91.7979829915982,West Lake Bonney
74.7,92.02321396638584,West Lake Bonney
74.8,92.2487098451509,West Lake Bonney
74.9,92.4744697838558,West Lake Bonney
75,92.70049292068217,West Lake Bonney
75.10000000000001,92.92677836550423,West Lake Bonney
75.2,93.15332522222205,West Lake Bonney
75.3,93.38013259391312,West Lake Bonney
75.4,93.60719957502144,West Lake Bonney
75.5,93.83452524042738,West Lake Bonney
75.60000000000001,94.06210863549938,West Lake Bonney
75.7,94.28994878472604,West Lake Bonney
75.8,94.51804470524476,West Lake Bonney
75.9,94.74639540817654,West Lake Bonney
76,94.97499989836078,West Lake Bonney
76.10000000000001,95.20385717664516,West Lake Bonney
76.2,95.43296623412334,West Lake Bonney
76.3,95.66232604853755,West Lake Bonney
76.4,95.89193558565592,West Lake Bonney
76.5,96.12179380766369,West Lake Bonney
76.60000000000001,96.35189967622686,West Lake Bonney
76.7,96.58225214750226,West Lake Bonney
76.80000000000001,96.81285017304441,West Lake Bonney
76.9,97.04369269815845,West Lake Bonney
77,97.27477866311355,West Lake Bonney
77.10000000000001,97.50610700241651,West Lake Bonney
77.2,97.737676645911307,West Lake Bonney
77.30000000000001,97.96948651874627,West Lake Bonney
77.4,98.20153554450567,West Lake Bonney
77.5,98.43382263630667,West Lake Bonney
77.60000000000001,98.6663467006405,West Lake Bonney
77.7,98.89910663843776,West Lake Bonney
77.80000000000001,99.13210134796091,West Lake Bonney
77.9,99.3653297274538,West Lake Bonney
78,99.59879067493728,West Lake Bonney
78.10000000000001,99.8324830841656,West Lake Bonney
78.2,100.06640584505513,West Lake Bonney
78.30000000000001,100.30055784738632,West Lake Bonney
78.4,100.53493798093871,West Lake Bonney
78.5,100.7695451341989,West Lake Bonney
78.60000000000001,101.00437818911186,West Lake Bonney
78.7,101.23943601844874,West Lake Bonney
78.80000000000001,101.47471748298803,West Lake Bonney
78.9,101.71022144046249,West Lake Bonney
79,101.94594674860181,West Lake Bonney
79.10000000000001,102.18189226513535,West Lake Bonney
79.2,102.41805684779236,West Lake Bonney
79.30000000000001,102.65443935430237,West Lake Bonney
79.4,102.89103864239473,West Lake Bonney
79.5,103.12785356979902,West Lake Bonney
79.60000000000001,103.36488299385681,West Lake Bonney
79.7,103.60212576588106,West Lake Bonney
79.80000000000001,103.83958072998277,West Lake Bonney
79.9,104.07724672772252,West Lake Bonney
80,104.31512259472878,West Lake Bonney
80.10000000000001,104.5532071613682,West Lake Bonney
80.2,104.79149925396655,West Lake Bonney
80.30000000000001,105.02999768247824,West Lake Bonney
80.4,105.26870124108792,West Lake Bonney
80.5,105.50760871894616,West Lake Bonney
80.60000000000001,105.74671890044375,West Lake Bonney
80.7,105.98603056376511,West Lake Bonney
80.80000000000001,106.22554248550794,West Lake Bonney
80.9,106.46525344172933,West Lake Bonney
81,106.70516220165575,West Lake Bonney
81.10000000000001,106.94526752980741,West Lake Bonney
81.2,107.18556819061115,West Lake Bonney
81.30000000000001,107.42606294849419,West Lake Bonney
81.4,107.66675056788333,West Lake Bonney
81.5,107.90762981320563,West Lake Bonney
81.60000000000001,108.14869944888795,West Lake Bonney
81.7,108.3899582393574,West Lake Bonney
81.80000000000001,108.63140494904094,West Lake Bonney
81.9,108.87303834236559,West Lake Bonney
82,109.11485718375818,West Lake Bonney
82.10000000000001,109.356860237646,West Lake Bonney
82.2,109.59904626845555,West Lake Bonney
82.30000000000001,109.84141404061432,West Lake Bonney
82.4,110.08396231854898,West Lake Bonney
82.5,110.32668986668651,West Lake Bonney
82.60000000000001,110.56959544822931,West Lake Bonney
82.7,110.81267781958181,West Lake Bonney
82.80000000000001,111.0559357306598,West Lake Bonney
82.9,111.299367926381,West Lake Bonney
83,111.54297314838044,West Lake Bonney
83.10000000000001,111.78675013335088,West Lake Bonney
83.2,112.03069761545927,West Lake Bonney
83.30000000000001,112.27481432837044,West Lake Bonney
83.4,112.51909900124225,West Lake Bonney
83.5,112.76355035724467,West Lake Bonney
83.60000000000001,113.00816711554923,West Lake Bonney
83.7,113.25294799032085,West Lake Bonney
83.80000000000001,113.49789168824702,West Lake Bonney
83.9,113.74299690810493,West Lake Bonney
84,113.98826234293011,West Lake Bonney
84.10000000000001,114.23368668514081,West Lake Bonney
84.2,114.47926862715505,West Lake Bonney
84.30000000000001,114.72500686139107,West Lake Bonney
84.4,114.9709000798089,West Lake Bonney
84.5,115.21694697258596,West Lake Bonney
84.60000000000001,115.46314622865528,West Lake Bonney
84.7,115.70949653469845,West Lake Bonney
84.80000000000001,115.95599657580311,West Lake Bonney
84.9,116.20264503689671,West Lake Bonney
85,116.44944060290717,West Lake Bonney
85.10000000000001,116.69638195876223,West Lake Bonney
85.2,116.94346778905495,West Lake Bonney
85.30000000000001,117.19069677592597,West Lake Bonney
85.4,117.4380675995024,West Lake Bonney
85.5,117.68557893958629,West Lake Bonney
85.60000000000001,117.93322947597991,West Lake Bonney
85.7,118.18101788848521,West Lake Bonney
85.80000000000001,118.42894285686536,West Lake Bonney
85.9,118.67700306033097,West Lake Bonney
86,118.92519717766446,West Lake Bonney
86.10000000000001,119.17352388726827,West Lake Bonney
86.2,119.42198186715818,West Lake Bonney
86.30000000000001,119.67056979502031,West Lake Bonney
86.4,119.91928634835202,West Lake Bonney
86.5,120.16813020464818,West Lake Bonney
86.60000000000001,120.41710004140356,West Lake Bonney
86.7,120.66619453611303,West Lake Bonney
86.80000000000001,120.91541236627144,West Lake Bonney
86.9,121.16475220937369,West Lake Bonney
87,121.41421274291457,West Lake Bonney
87.10000000000001,121.66379264438896,West Lake Bonney
87.2,121.91349059129166,West Lake Bonney
87.30000000000001,122.16330526123784,West Lake Bonney
87.4,122.41323533239347,West Lake Bonney
87.5,122.66327948326962,West Lake Bonney
87.60000000000001,122.91343639312359,West Lake Bonney
87.7,123.16370474197969,West Lake Bonney
87.80000000000001,123.41408321065907,West Lake Bonney
87.9,123.66457048162415,West Lake Bonney
88,123.91516523861023,West Lake Bonney
88.10000000000001,124.16586616569784,West Lake Bonney
88.2,124.41667194823697,West Lake Bonney
88.30000000000001,124.66758127192969,West Lake Bonney
88.4,124.91859282247847,West Lake Bonney
88.5,125.16970528558551,West Lake Bonney
88.60000000000001,125.42091734695327,West Lake Bonney
88.7,125.67222769253459,West Lake Bonney
88.80000000000001,125.92363501004651,West Lake Bonney
88.9,126.17513798796406,West Lake Bonney
89,126.42673531476494,West Lake Bonney
89.10000000000001,126.67842567892687,West Lake Bonney
89.2,126.9302077689276,West Lake Bonney
89.30000000000001,127.18208027324492,West Lake Bonney
89.4,127.43404188035643,West Lake Bonney
89.5,127.68609127873981,West Lake Bonney
89.60000000000001,127.93822715687315,West Lake Bonney
89.7,128.19044820323404,West Lake Bonney
89.80000000000001,128.44275310630007,West Lake Bonney
89.9,128.69514055454903,West Lake Bonney
90,128.9476092364588,West Lake Bonney
90.10000000000001,129.20015784059515,West Lake Bonney
90.2,129.45278505783097,West Lake Bonney
90.30000000000001,129.705489583201,West Lake Bonney
90.4,129.95827011631633,West Lake Bonney
90.5,130.2111253605093,West Lake Bonney
90.60000000000001,130.464054021022,West Lake Bonney
90.7,130.71705481089666,West Lake Bonney
90.80000000000001,130.97012645046695,West Lake Bonney
90.9,131.22326766073235,West Lake Bonney
91,131.4764771636944,West Lake Bonney
91.10000000000001,131.7297536922477,West Lake Bonney
91.2,131.98309598634148,West Lake Bonney
91.30000000000001,132.2365027860654,West Lake Bonney
91.4,132.48997283150888,West Lake Bonney
91.5,132.74350486294864,West Lake Bonney
91.60000000000001,132.99709762603533,West Lake Bonney
91.7,133.25074988275577,West Lake Bonney
91.80000000000001,133.50446040406212,West Lake Bonney
91.9,133.75822797414384,West Lake Bonney
92,134.0120513916849,West Lake Bonney
92.10000000000001,134.26592945756892,West Lake Bonney
92.2,134.5198609773982,West Lake Bonney
92.30000000000001,134.7738447598665,West Lake Bonney
92.4,135.02787961499607,West Lake Bonney
92.5,135.28196435862546,West Lake Bonney
92.60000000000001,135.53609780824982,West Lake Bonney
92.7,135.7902787813642,West Lake Bonney
92.80000000000001,136.04450609546365,West Lake Bonney
92.9,136.2987785690412,West Lake Bonney
93,136.5530950301635,West Lake Bonney
93.10000000000001,136.8074543152182,West Lake Bonney
93.2,137.06185526118597,West Lake Bonney
93.30000000000001,137.3162967050471,West Lake Bonney
93.4,137.57077748378202,West Lake Bonney
93.5,137.82529643437098,West Lake Bonney
93.60000000000001,138.07985239452833,West Lake Bonney
93.7,138.33444420866573,West Lake Bonney
93.80000000000001,138.5890707248314,West Lake Bonney
93.9,138.84373079511988,West Lake Bonney
94,139.09842327843162,West Lake Bonney
94.10000000000001,139.35314703443342,West Lake Bonney
94.2,139.60790092761277,West Lake Bonney
94.30000000000001,139.86268382915216,West Lake Bonney
94.4,140.11749461072708,West Lake Bonney
94.5,140.37233214401385,West Lake Bonney
94.60000000000001,140.62719530068793,West Lake Bonney
94.7,140.88208295242543,West Lake Bonney
94.80000000000001,141.1369939709022,West Lake Bonney
94.9,141.39192722779384,West Lake Bonney
95,141.64688159477654,West Lake Bonney
95.10000000000001,141.90185594352624,West Lake Bonney
95.2,142.1568491457316,West Lake Bonney
95.30000000000001,142.41186007694222,West Lake Bonney
95.4,142.66688762193738,West Lake Bonney
95.5,142.92193066859468,West Lake Bonney
95.60000000000001,143.17698812237433,West Lake Bonney
95.7,143.43205891374515,West Lake Bonney
95.80000000000001,143.68714199502006,West Lake Bonney
95.9,143.94223636111448,West Lake Bonney
96,144.19734103632965,West Lake Bonney
96.10000000000001,144.45245506381804,West Lake Bonney
96.2,144.70757750883772,West Lake Bonney
96.30000000000001,144.96270749849344,West Lake Bonney
96.4,145.21784422075027,West Lake Bonney
96.5,145.472986892415,West Lake Bonney
96.60000000000001,145.72813475690046,West Lake Bonney
96.7,145.98328709764718,West Lake Bonney
96.80000000000001,146.2384432627133,West Lake Bonney
96.9,146.4936027120733,West Lake Bonney
97,146.748764998156,West Lake Bonney
97.10000000000001,147.00392972934077,West Lake Bonney
97.2,147.25909653917319,West Lake Bonney
97.30000000000001,147.51426507630993,West Lake Bonney
97.4,147.76943502376037,West Lake Bonney
97.5,148.02460608953368,West Lake Bonney
97.60000000000001,148.27977799003847,West Lake Bonney
97.7,148.53495046902057,West Lake Bonney
97.80000000000001,148.7901233209078,West Lake Bonney
97.9,149.04529639448015,West Lake Bonney
98,149.30046956444232,West Lake Bonney
98.10000000000001,149.5556427498417,West Lake Bonney
98.2,149.81081593561697,West Lake Bonney
98.30000000000001,150.06598912139242,West Lake Bonney
98.4,150.32116230716755,West Lake Bonney
98.5,150.57633549294263,West Lake Bonney
98.60000000000001,150.831508678718,West Lake Bonney
98.7,151.08668186449324,West Lake Bonney
98.80000000000001,151.34185505026846,West Lake Bonney
98.9,151.59702823604368,West Lake Bonney
99,151.85220142181888,West Lake Bonney
0,0.24583665822434142,East Lake Bonney
0.1,0.29602170122276306,East Lake Bonney
0.2,0.34620674422125575,East Lake Bonney
0.30000000000000004,0.3963917872195779,East Lake Bonney
0.4,0.44657683021802086,East Lake Bonney
0.5,0.496761873216478,East Lake Bonney
0.6000000000000001,0.5469469162148641,East Lake Bonney
0.7000000000000001,0.5971319592133213,East Lake Bonney
0.8,0.647317002211679,East Lake Bonney
0.9,0.6975020452100935,East Lake Bonney
1,0.7476870929558785,East Lake Bonney
1.1,0.7978722660202635,East Lake Bonney
1.2000000000000002,0.848057995977463,East Lake Bonney
1.3,0.8982450306660255,East Lake Bonney
1.4000000000000001,0.9484342987022387,East Lake Bonney
1.5,0.9986270930419607,East Lake Bonney
1.6,1.0488251288278931,East Lake Bonney
1.7000000000000002,1.0990305193835468,East Lake Bonney
1.8,1.1492458526671854,East Lake Bonney
1.9000000000000001,1.1994740456006099,East Lake Bonney
2,1.249718224344356,East Lake Bonney
2.1,1.2999817465240255,East Lake Bonney
2.2,1.350268184059594,East Lake Bonney
2.3000000000000003,1.4005813420445037,East Lake Bonney
2.4000000000000004,1.4509253903255086,East Lake Bonney
2.5,1.5013046676389834,East Lake Bonney
2.6,1.5517236720303274,East Lake Bonney
2.7,1.60218710779629,East Lake Bonney
2.8000000000000003,1.6526997905403817,East Lake Bonney
2.9000000000000004,1.7032666016757645,East Lake Bonney
3,1.7538924461382237,East Lake Bonney
3.1,1.8045822293269254,East Lake Bonney
3.2,1.8553408574533066,East Lake Bonney
3.3000000000000003,1.9061732506599256,East Lake Bonney
3.4000000000000004,1.957084355445737,East Lake Bonney
3.5,2.0080791335078203,East Lake Bonney
3.6,2.059162574091971,East Lake Bonney
3.7,2.1103396854650285,East Lake Bonney
3.8000000000000003,2.1616154791679705,East Lake Bonney
3.9000000000000004,2.2129949618863947,East Lake Bonney
4,2.2644831248762927,East Lake Bonney
4.1000000000000005,2.3160849421988488,East Lake Bonney
4.2,2.367805384741814,East Lake Bonney
4.3,2.41964942232611,East Lake Bonney
4.4,2.4716220149563526,East Lake Bonney
4.5,2.523728117344419,East Lake Bonney
4.6000000000000005,2.575972680621881,East Lake Bonney
4.7,2.628360635614385,East Lake Bonney
4.800000000000001,2.6808968896116347,East Lake Bonney
4.9,2.7335863147096973,East Lake Bonney
5,2.7864337580905207,East Lake Bonney
5.1000000000000005,2.8394440662009472,East Lake Bonney
5.2,2.8926220765376023,East Lake Bonney
5.300000000000001,2.945972593354142,East Lake Bonney
5.4,2.999500347339076,East Lake Bonney
5.5,3.053209970217466,East Lake Bonney
5.6000000000000005,3.1071060261022616,East Lake Bonney
5.7,3.1611930644944195,East Lake Bonney
5.800000000000001,3.2154756324173768,East Lake Bonney
5.9,3.2699582379294796,East Lake Bonney
6,3.3246453323074547,East Lake Bonney
6.1000000000000005,3.379541357018436,East Lake Bonney
6.2,3.434650739117238,East Lake Bonney
6.300000000000001,3.4899778645370425,East Lake Bonney
6.4,3.5455270817010103,East Lake Bonney
6.5,3.60130270781109,East Lake Bonney
6.6000000000000005,3.6573090586694263,East Lake Bonney
6.7,3.7135504491601914,East Lake Bonney
6.800000000000001,3.7700311374724933,East Lake Bonney
6.9,3.8267552245077106,East Lake Bonney
7,3.883726721527246,East Lake Bonney
7.1000000000000005,3.9409495028199224,East Lake Bonney
7.2,3.998427295595498,East Lake Bonney
7.300000000000001,4.056163692217176,East Lake Bonney
7.4,4.114162217819867,East Lake Bonney
7.5,4.172426256360186,East Lake Bonney
7.6000000000000005,4.230959088874059,East Lake Bonney
7.7,4.289763942103068,East Lake Bonney
7.800000000000001,4.348843941390861,East Lake Bonney
7.9,4.408202111915834,East Lake Bonney
8,4.467841334418772,East Lake Bonney
8.1,4.527764424071123,East Lake Bonney
8.200000000000001,4.58797416236672,East Lake Bonney
8.3,4.648473270628145,East Lake Bonney
8.4,4.7092644635737315,East Lake Bonney
8.5,4.7703504406686825,East Lake Bonney
8.6,4.83173381810029,East Lake Bonney
8.700000000000001,4.893417122123541,East Lake Bonney
8.8,4.955402854981699,East Lake Bonney
8.9,5.017693469484488,East Lake Bonney
9,5.080291357665548,East Lake Bonney
9.1,5.143198845339818,East Lake Bonney
9.200000000000001,5.2064182148189175,East Lake Bonney
9.3,5.269951722785834,East Lake Bonney
9.4,5.333801549339924,East Lake Bonney
9.5,5.397969833869819,East Lake Bonney
9.600000000000001,5.462458568682152,East Lake Bonney
9.700000000000001,5.527269656766364,East Lake Bonney
9.8,5.592404919925695,East Lake Bonney
9.9,5.657866133009634,East Lake Bonney
10,5.723654990824702,East Lake Bonney
10.100000000000001,5.789773175344354,East Lake Bonney
10.200000000000001,5.856222368542255,East Lake Bonney
10.3,5.9230042523918165,East Lake Bonney
10.4,5.990120508866859,East Lake Bonney
10.5,6.057572819940649,East Lake Bonney
10.600000000000001,6.125362867586762,East Lake Bonney
10.700000000000001,6.193492333778938,East Lake Bonney
10.8,6.261962900490502,East Lake Bonney
10.9,6.330776249695262,East Lake Bonney
11,6.399934048901162,East Lake Bonney
11.100000000000001,6.469437830275648,East Lake Bonney
11.200000000000001,6.539289011694926,East Lake Bonney
11.3,6.6094890033024285,East Lake Bonney
11.4,6.680039215242083,East Lake Bonney
11.5,6.750941057657474,East Lake Bonney
11.600000000000001,6.822195940692218,East Lake Bonney
11.700000000000001,6.893805274490266,East Lake Bonney
11.8,6.9657704691950535,East Lake Bonney
11.9,7.038092934950509,East Lake Bonney
12,7.110774081900136,East Lake Bonney
12.100000000000001,7.183815320187637,East Lake Bonney
12.200000000000001,7.257218059956955,East Lake Bonney
12.3,7.330983711351426,East Lake Bonney
12.4,7.405113684515108,East Lake Bonney
12.5,7.479609389591399,East Lake Bonney
12.600000000000001,7.554472236724177,East Lake Bonney
12.700000000000001,7.6297036360571155,East Lake Bonney
12.8,7.7053049977337444,East Lake Bonney
12.9,7.781277731898129,East Lake Bonney
13,7.8576232486936135,East Lake Bonney
13.100000000000001,7.934342958264018,East Lake Bonney
13.200000000000001,8.011438270753079,East Lake Bonney
13.3,8.088910596304437,East Lake Bonney
13.4,8.166761345061861,East Lake Bonney
13.5,8.244991927169025,East Lake Bonney
13.600000000000001,8.323603729695186,East Lake Bonney
13.700000000000001,8.402598039455672,East Lake Bonney
13.8,8.481976115816021,East Lake Bonney
13.9,8.56173917460585,East Lake Bonney
14,8.641888321820261,East Lake Bonney
14.100000000000001,8.722424553614122,East Lake Bonney
14.200000000000001,8.803348827179427,East Lake Bonney
14.3,8.884662071385542,East Lake Bonney
14.4,8.966365114194748,East Lake Bonney
14.5,9.04845876102354,East Lake Bonney
14.600000000000001,9.1309438172883155,East Lake Bonney
14.700000000000001,9.213821088405684,East Lake Bonney
14.8,9.297091379791915,East Lake Bonney
14.9,9.380755496863681,East Lake Bonney
15,9.46481424503735,East Lake Bonney
15.100000000000001,9.549268429729434,East Lake Bonney
15.200000000000001,9.634118847250651,East Lake Bonney
15.3,9.719366199046922,East Lake Bonney
15.4,9.80501105607331,East Lake Bonney
15.5,9.891053923240719,East Lake Bonney
15.600000000000001,9.97749530348723,East Lake Bonney
15.700000000000001,10.064335698605968,East Lake Bonney
15.8,10.151575552332966,East Lake Bonney
15.9,10.239215224046571,East Lake Bonney
16,10.327255063114885,East Lake Bonney
16.1,10.415695346085094,East Lake Bonney
16.2,10.504536279241751,East Lake Bonney
16.3,10.593778066007623,East Lake Bonney
16.400000000000002,10.68342090846489,East Lake Bonney
16.5,10.7734649373235,East Lake Bonney
16.6,10.86391010947652,East Lake Bonney
16.7,10.954756306977984,East Lake Bonney
16.8,11.046003314010422,East Lake Bonney
16.900000000000002,11.137650892209692,East Lake Bonney
17,11.229698802204439,East Lake Bonney
17.1,11.32214674972619,East Lake Bonney
17.2,11.414994358453429,East Lake Bonney
17.3,11.508241245349373,East Lake Bonney
17.400000000000002,11.601887025810187,East Lake Bonney
17.5,11.695931255836008,East Lake Bonney
17.6,11.790373415149713,East Lake Bonney
17.7,11.885212978172842,East Lake Bonney
17.8,11.980449376849782,East Lake Bonney
17.900000000000002,12.07608195641238,East Lake Bonney
18,12.172110051514638,East Lake Bonney
18.1,12.26853299681081,East Lake Bonney
18.2,12.365350125737336,East Lake Bonney
18.3,12.46256068549975,East Lake Bonney
18.400000000000002,12.560163744466447,East Lake Bonney
18.5,12.658158262476073,East Lake Bonney
18.6,12.756543166841027,East Lake Bonney
18.7,12.855317377525719,East Lake Bonney
18.8,12.95447973698279,East Lake Bonney
18.900000000000002,13.054029033735175,East Lake Bonney
19,13.153963979268825,East Lake Bonney
19.1,13.254283215065549,East Lake Bonney
19.200000000000003,13.35498529633798,East Lake Bonney
19.3,13.456068759125435,East Lake Bonney
19.400000000000002,13.557532139465755,East Lake Bonney
19.5,13.659373949993551,East Lake Bonney
19.6,13.761592620488841,East Lake Bonney
19.700000000000003,13.864186562405042,East Lake Bonney
19.8,13.967154187195414,East Lake Bonney
19.900000000000002,14.070493906186641,East Lake Bonney
20,14.174204098123749,East Lake Bonney
20.1,14.278283066012541,East Lake Bonney
20.200000000000003,14.382729086049608,East Lake Bonney
20.3,14.487540357159443,East Lake Bonney
20.400000000000002,14.592715055072688,East Lake Bonney
20.5,14.698251355510385,East Lake Bonney
20.6,14.804147411757869,East Lake Bonney
20.700000000000003,14.910401303024896,East Lake Bonney
20.8,15.017011072289595,East Lake Bonney
20.900000000000002,15.123974689978489,East Lake Bonney
21,15.231290110835628,East Lake Bonney
21.1,15.33895528949704,East Lake Bonney
21.200000000000003,15.44696815223876,East Lake Bonney
21.3,15.555326550845631,East Lake Bonney
21.400000000000002,15.66402826370147,East Lake Bonney
21.5,15.773071039473486,East Lake Bonney
21.6,15.882452626627643,East Lake Bonney
21.700000000000003,15.992170750311608,East Lake Bonney
21.8,16.102223072573544,East Lake Bonney
21.900000000000002,16.21260724489295,East Lake Bonney
22,16.32332091866707,East Lake Bonney
22.1,16.434361720926326,East Lake Bonney
22.200000000000003,16.545727220437673,East Lake Bonney
22.3,16.657414977442947,East Lake Bonney
22.400000000000002,16.769422552183965,East Lake Bonney
22.5,16.881747504902393,East Lake Bonney
22.6,16.99438739584009,East Lake Bonney
22.700000000000003,17.10733978523877,East Lake Bonney
22.8,17.22060223334021,East Lake Bonney
22.900000000000002,17.334172300386435,East Lake Bonney
23,17.44804754661887,East Lake Bonney
23.1,17.562225532279477,East Lake Bonney
23.200000000000003,17.67670381761004,East Lake Bonney
23.3,17.791479962852286,East Lake Bonney
23.400000000000002,17.906551515975256,East Lake Bonney
23.5,18.021915977966145,East Lake Bonney
23.6,18.13757082722831,East Lake Bonney
23.700000000000003,18.253513486935386,East Lake Bonney
23.8,18.369741292437112,East Lake Bonney
23.900000000000002,18.4862515371803,East Lake Bonney
24,18.603041513729238,East Lake Bonney
24.1,18.720108514648278,East Lake Bonney
24.200000000000003,18.837449832501683,East Lake Bonney
24.3,18.955062759853895,East Lake Bonney
24.400000000000002,19.07294458926923,East Lake Bonney
24.5,19.191092613311845,East Lake Bonney
24.6,19.309504124546233,East Lake Bonney
24.700000000000003,19.428176415536644,East Lake Bonney
24.8,19.547106778847507,East Lake Bonney
24.900000000000002,19.666292507043043,East Lake Bonney
25,19.785730889570186,East Lake Bonney
25.1,19.905419189821785,East Lake Bonney
25.200000000000003,20.025354658219598,East Lake Bonney
25.3,20.145534545090726,East Lake Bonney
25.400000000000002,20.26595610016666,East Lake Bonney
25.5,20.38661655734902,East Lake Bonney
25.6,20.50751313342878,East Lake Bonney
25.700000000000003,20.628643044344415,East Lake Bonney
25.8,20.750003506034393,East Lake Bonney
25.900000000000002,20.8715917344373,East Lake Bonney
26,20.993404945491463,East Lake Bonney
26.1,21.115440355135398,East Lake Bonney
26.200000000000003,21.237695179307597,East Lake Bonney
26.3,21.360166633946623,East Lake Bonney
26.400000000000002,21.48285193499094,East Lake Bonney
26.5,21.605748298378938,East Lake Bonney
26.6,21.72885294004915,East Lake Bonney
26.700000000000003,21.852163075940034,East Lake Bonney
26.8,21.975675921990096,East Lake Bonney
26.900000000000002,22.099388694137893,East Lake Bonney
27,22.22329860832178,East Lake Bonney
27.1,22.347402880480267,East Lake Bonney
27.200000000000003,22.471698726551832,East Lake Bonney
27.3,22.596183362582284,East Lake Bonney
27.400000000000002,22.72085400530183,East Lake Bonney
27.5,22.845707873466672,East Lake Bonney
27.6,22.970742189209467,East Lake Bonney
27.700000000000003,23.095954183280355,East Lake Bonney
27.8,23.221341088608376,East Lake Bonney
27.900000000000002,23.346900138122617,East Lake Bonney
28,23.472628564803564,East Lake Bonney
28.1,23.59852360678773,East Lake Bonney
28.200000000000003,23.72458251171166,East Lake Bonney
28.3,23.850802528234748,East Lake Bonney
28.400000000000002,23.97718090501633,East Lake Bonney
28.5,24.103714890715825,East Lake Bonney
28.6,24.23040173399259,East Lake Bonney
28.700000000000003,24.357238683506015,East Lake Bonney
28.8,24.484222987915583,East Lake Bonney
28.900000000000002,24.6113518958807,East Lake Bonney
29,24.73862265606062,East Lake Bonney
29.1,24.866032517114814,East Lake Bonney
29.200000000000003,24.99357872770263,East Lake Bonney
29.3,25.12125853648358,East Lake Bonney
29.400000000000002,25.24906919211703,East Lake Bonney
29.5,25.377007949745227,East Lake Bonney
29.6,25.505072096893304,East Lake Bonney
29.700000000000003,25.633258957526007,East Lake Bonney
29.8,25.761565877528,East Lake Bonney
29.900000000000002,25.889990235956432,East Lake Bonney
30,26.018529421157368,East Lake Bonney
30.1,26.147180821477626,East Lake Bonney
30.200000000000003,26.275941825263985,East Lake Bonney
30.3,26.404809825751343,East Lake Bonney
30.400000000000002,26.53378230940194,East Lake Bonney
30.5,26.662856916506023,East Lake Bonney
30.6,26.79203133884525,East Lake Bonney
30.700000000000003,26.921303269718223,East Lake Bonney
30.8,27.050670402423297,East Lake Bonney
30.900000000000002,27.18013043170493,East Lake Bonney
31,27.309681086924975,East Lake Bonney
31.1,27.439320159056734,East Lake Bonney
31.200000000000003,27.569045483693007,East Lake Bonney
31.3,27.69885490030341,East Lake Bonney
31.400000000000002,27.828746248357497,East Lake Bonney
31.5,27.958717367324773,East Lake Bonney
31.6,28.08876609667492,East Lake Bonney
31.700000000000003,28.218890285769582,East Lake Bonney
31.8,28.349087840493468,East Lake Bonney
31.900000000000002,28.479356686777606,East Lake Bonney
32,28.609694768773902,East Lake Bonney
32.1,28.74010011173619,East Lake Bonney
32.2,28.870570815311027,East Lake Bonney
32.300000000000004,29.00110499085976,East Lake Bonney
32.4,29.13170075169624,East Lake Bonney
32.5,29.262356258496624,East Lake Bonney
32.6,29.393069720702528,East Lake Bonney
32.7,29.523839349988826,East Lake Bonney
32.800000000000004,29.65466335803049,East Lake Bonney
32.9,29.785539956502333,East Lake Bonney
33,29.916467357079394,East Lake Bonney
33.1,30.04744377143642,East Lake Bonney
33.2,30.178467411248405,East Lake Bonney
33.300000000000004,30.309536488190336,East Lake Bonney
33.4,30.440649213937004,East Lake Bonney
33.5,30.571803800163387,East Lake Bonney
33.6,30.70299845854432,East Lake Bonney
33.7,30.834231400754728,East Lake Bonney
33.800000000000004,30.96550083846968,East Lake Bonney
33.9,31.096804983363853,East Lake Bonney
34,31.228142047112353,East Lake Bonney
34.1,31.359510241389877,East Lake Bonney
34.2,31.490907786405806,East Lake Bonney
34.300000000000004,31.622332982054623,East Lake Bonney
34.4,31.753784171669995,East Lake Bonney
34.5,31.885259699023266,East Lake Bonney
34.6,32.01675790788558,East Lake Bonney
34.7,32.148277142028306,East Lake Bonney
34.800000000000004,32.27981574522269,East Lake Bonney
34.9,32.411372061239895,East Lake Bonney
35,32.54294443385131,East Lake Bonney
35.1,32.67453120682809,East Lake Bonney
35.2,32.80613072394147,East Lake Bonney
35.300000000000004,32.93774132896279,East Lake Bonney
35.4,33.0693613656633,East Lake Bonney
35.5,33.20098917781423,East Lake Bonney
35.6,33.3326231091868,East Lake Bonney
35.7,33.46426150355231,East Lake Bonney
35.800000000000004,33.59590270468203,East Lake Bonney
35.9,33.72754506047504,East Lake Bonney
36,33.859186999281036,East Lake Bonney
36.1,33.990827022589926,East Lake Bonney
36.2,34.12246363455303,East Lake Bonney
36.300000000000004,34.25409533932189,East Lake Bonney
36.4,34.38572064104771,East Lake Bonney
36.5,34.517338043882035,East Lake Bonney
36.6,34.64894605197607,East Lake Bonney
36.7,34.780543169481334,East Lake Bonney
36.800000000000004,34.91212790054924,East Lake Bonney
36.9,35.04369874933107,East Lake Bonney
37,35.175254219978314,East Lake Bonney
37.1,35.30679281687797,East Lake Bonney
37.2,35.43831309487702,East Lake Bonney
37.300000000000004,35.56981372164508,East Lake Bonney
37.4,35.70129338015472,East Lake Bonney
37.5,35.832750753378534,East Lake Bonney
37.6,35.964184524288996,East Lake Bonney
37.7,36.095593375858726,East Lake Bonney
37.800000000000004,36.22697599106037,East Lake Bonney
37.9,36.35833105286634,East Lake Bonney
38,36.489657244249344,East Lake Bonney
38.1,36.620953248181806,East Lake Bonney
38.2,36.75221774763645,East Lake Bonney
38.300000000000004,36.883449425585766,East Lake Bonney
38.400000000000006,37.01464696500238,East Lake Bonney
38.5,37.14580904885874,East Lake Bonney
38.6,37.27693436012747,East Lake Bonney
38.7,37.40802158178116,East Lake Bonney
38.800000000000004,37.53906939679241,East Lake Bonney
38.900000000000006,37.6700764881337,East Lake Bonney
39,37.8010415562988,East Lake Bonney
39.1,37.93196342998223,East Lake Bonney
39.2,38.06284099483692,East Lake Bonney
39.300000000000004,38.19367313677411,East Lake Bonney
39.400000000000006,38.32445874170469,East Lake Bonney
39.5,38.45519669553987,East Lake Bonney
39.6,38.58588588419062,East Lake Bonney
39.7,38.71652519356809,East Lake Bonney
39.800000000000004,38.84711350958338,East Lake Bonney
39.900000000000006,38.97764971814754,East Lake Bonney
40,39.10813270517166,East Lake Bonney
40.1,39.23856135656676,East Lake Bonney
40.2,39.36893456898754,East Lake Bonney
40.300000000000004,39.49925136343059,East Lake Bonney
40.400000000000006,39.62951084085214,East Lake Bonney
40.5,39.759712103529466,East Lake Bonney
40.6,39.88985425373987,East Lake Bonney
40.7,40.019936393760645,East Lake Bonney
40.800000000000004,40.149957625869064,East Lake Bonney
40.900000000000006,40.27991705234236,East Lake Bonney
41,40.409813775457806,East Lake Bonney
41.1,40.539646897492716,East Lake Bonney
41.2,40.669415520724314,East Lake Bonney
41.300000000000004,40.799118747429915,East Lake Bonney
41.400000000000006,40.9287556798868,East Lake Bonney
41.5,41.05832542037212,East Lake Bonney
41.6,41.187827071163326,East Lake Bonney
41.7,41.31725973453757,East Lake Bonney
41.800000000000004,41.446622524885576,East Lake Bonney
41.900000000000006,41.575914690619115,East Lake Bonney
42,41.70513556349388,East Lake Bonney
42.1,41.83428447652091,East Lake Bonney
42.2,41.96336076271122,East Lake Bonney
42.300000000000004,42.09236376452666,East Lake Bonney
42.400000000000006,42.221292953693535,East Lake Bonney
42.5,42.35014789557633,East Lake Bonney
42.6,42.478928157632446,East Lake Bonney
42.7,42.607633307319084,East Lake Bonney
42.800000000000004,42.73626291209372,East Lake Bonney
42.900000000000006,42.86481653941362,East Lake Bonney
43,42.99329376041953,East Lake Bonney
43.1,43.121694253510746,East Lake Bonney
43.2,43.250017818594245,East Lake Bonney
43.300000000000004,43.37826426212463,East Lake Bonney
43.400000000000006,43.50643339055655,East Lake Bonney
43.5,43.634525027305415,East Lake Bonney
43.6,43.76253914356147,East Lake Bonney
43.7,43.890475786667835,East Lake Bonney
43.800000000000004,44.01833500459901,East Lake Bonney
43.900000000000006,44.14611684532932,East Lake Bonney
44,44.27382135683321,East Lake Bonney
44.1,44.401448587085085,East Lake Bonney
44.2,44.528998584059416,East Lake Bonney
44.300000000000004,44.656471395730634,East Lake Bonney
44.400000000000006,44.78386707007303,East Lake Bonney
44.5,44.911185655061175,East Lake Bonney
44.6,45.03842719866939,East Lake Bonney
44.7,45.16559174887216,East Lake Bonney
44.800000000000004,45.29267935364386,East Lake Bonney
44.900000000000006,45.419690060958935,East Lake Bonney
45,45.546623918791845,East Lake Bonney
45.1,45.67348097511689,East Lake Bonney
45.2,45.80026127790862,East Lake Bonney
45.300000000000004,45.92696487514136,East Lake Bonney
45.400000000000006,46.05359181478952,East Lake Bonney
45.5,46.18014217718051,East Lake Bonney
45.6,46.30661629983774,East Lake Bonney
45.7,46.433014715320745,East Lake Bonney
45.800000000000004,46.559337967807245,East Lake Bonney
45.900000000000006,46.68558660147514,East Lake Bonney
46,46.81176116050221,East Lake Bonney
46.1,46.93786218906629,East Lake Bonney
46.2,47.06389023134511,East Lake Bonney
46.300000000000004,47.189845866227806,East Lake Bonney
46.400000000000006,47.31572983766415,East Lake Bonney
46.5,47.441542938615484,East Lake Bonney
46.6,47.56728596205095,East Lake Bonney
46.7,47.692959700939774,East Lake Bonney
46.800000000000004,47.818564952580935,East Lake Bonney
46.900000000000006,47.944102628865146,East Lake Bonney
47,48.069573765291686,East Lake Bonney
47.1,48.19497940349586,East Lake Bonney
47.2,48.320320585112974,East Lake Bonney
47.300000000000004,48.44559835177835,East Lake Bonney
47.400000000000006,48.570813745127275,East Lake Bonney
47.5,48.69596780679503,East Lake Bonney
47.6,48.8210615784171,East Lake Bonney
47.7,48.946096101628676,East Lake Bonney
47.800000000000004,49.071072418065086,East Lake Bonney
47.900000000000006,49.19599156936166,East Lake Bonney
48,49.3208545971537,East Lake Bonney
48.1,49.445662543076544,East Lake Bonney
48.2,49.57041644876552,East Lake Bonney
48.300000000000004,49.695117355855956,East Lake Bonney
48.400000000000006,49.81976630598315,East Lake Bonney
48.5,49.94436434078233,East Lake Bonney
48.6,50.06891250188903,East Lake Bonney
48.7,50.19341183093833,East Lake Bonney
48.800000000000004,50.317863369565686,East Lake Bonney
48.900000000000006,50.442268159406495,East Lake Bonney
49,50.56662724209586,East Lake Bonney
49.1,50.690941659269235,East Lake Bonney
49.2,50.8152124525619,East Lake Bonney
49.300000000000004,50.939440672463185,East Lake Bonney
49.400000000000006,51.063627500163086,East Lake Bonney
49.5,51.18777421656199,East Lake Bonney
49.6,51.31188210507376,East Lake Bonney
49.7,51.435952449112,East Lake Bonney
49.800000000000004,51.559986532090505,East Lake Bonney
49.900000000000006,51.68398563742306,East Lake Bonney
50,51.80795104852331,East Lake Bonney
50.1,51.93188404880507,East Lake Bonney
50.2,52.05578592168208,East Lake Bonney
50.300000000000004,52.179657950568,East Lake Bonney
50.400000000000006,52.30350141887665,East Lake Bonney
50.5,52.427317610021674,East Lake Bonney
50.6,52.55110781166092,East Lake Bonney
50.7,52.674873420285834,East Lake Bonney
50.800000000000004,52.79861594784575,East Lake Bonney
50.900000000000006,52.92233691186058,East Lake Bonney
51,53.04603782985028,East Lake Bonney
51.1,53.169720219334714,East Lake Bonney
51.2,53.293385597833655,East Lake Bonney
51.300000000000004,53.41703548286715,East Lake Bonney
51.400000000000006,53.540671391955016,East Lake Bonney
51.5,53.66429484261709,East Lake Bonney
51.6,53.787907352373296,East Lake Bonney
51.7,53.91151043874354,East Lake Bonney
51.800000000000004,54.03510561924776,East Lake Bonney
51.900000000000006,54.158694411405705,East Lake Bonney
52,54.282278332737285,East Lake Bonney
52.1,54.405858900762496,East Lake Bonney
52.2,54.52943763300118,East Lake Bonney
52.300000000000004,54.65301604697314,East Lake Bonney
52.400000000000006,54.77659566019839,East Lake Bonney
52.5,54.90017799019671,East Lake Bonney
52.6,55.02376455448803,East Lake Bonney
52.7,55.14735687059224,East Lake Bonney
52.800000000000004,55.2709564560292,East Lake Bonney
52.900000000000006,55.394564828318785,East Lake Bonney
53,55.518183504980946,East Lake Bonney
53.1,55.64181400353553,East Lake Bonney
53.2,55.76545785158151,East Lake Bonney
53.300000000000004,55.8891166972667,East Lake Bonney
53.400000000000006,56.01279226814747,East Lake Bonney
53.5,56.13648629317899,East Lake Bonney
53.6,56.260200501316554,East Lake Bonney
53.7,56.383936621515375,East Lake Bonney
53.800000000000004,56.50769638273061,East Lake Bonney
53.900000000000006,56.631481513917585,East Lake Bonney
54,56.75529374403148,East Lake Bonney
54.1,56.879134802027586,East Lake Bonney
54.2,57.00300641686107,East Lake Bonney
54.300000000000004,57.12691031748724,East Lake Bonney
54.400000000000006,57.25084823286128,East Lake Bonney
54.5,57.37482189193843,East Lake Bonney
54.6,57.498833023673924,East Lake Bonney
54.7,57.62288335702302,East Lake Bonney
54.800000000000004,57.74697462094091,East Lake Bonney
54.900000000000006,57.87110854438286,East Lake Bonney
55,57.9952868563041,East Lake Bonney
55.1,58.11951128565977,East Lake Bonney
55.2,58.2437835614054,East Lake Bonney
55.300000000000004,58.368105412495794,East Lake Bonney
55.400000000000006,58.4924785678865,East Lake Bonney
55.5,58.61690475653271,East Lake Bonney
55.6,58.74138570738954,East Lake Bonney
55.7,58.86592314941226,East Lake Bonney
55.800000000000004,58.99051881155624,East Lake Bonney
55.900000000000006,59.11517442277659,East Lake Bonney
56,59.23989171202848,East Lake Bonney
56.1,59.364672408267324,East Lake Bonney
56.2,59.48951824044826,East Lake Bonney
56.300000000000004,59.61443093752644,East Lake Bonney
56.400000000000006,59.73941222845724,East Lake Bonney
56.5,59.864463853919816,East Lake Bonney
56.6,59.989587658072416,East Lake Bonney
56.7,60.11478553896891,East Lake Bonney
56.800000000000004,60.240059395127446,East Lake Bonney
56.900000000000006,60.36541112506582,East Lake Bonney
57,60.49084262730221,East Lake Bonney
57.1,60.61635580035467,East Lake Bonney
57.2,60.741952542741124,East Lake Bonney
57.300000000000004,60.867634752979605,East Lake Bonney
57.400000000000006,60.993404329588095,East Lake Bonney
57.5,61.11926317108472,East Lake Bonney
57.6,61.24521317601755,East Lake Bonney
57.7,61.371256277035876,East Lake Bonney
57.800000000000004,61.49739450633965,East Lake Bonney
57.900000000000006,61.623629914198155,East Lake Bonney
58,61.74996455088019,East Lake Bonney
58.1,61.8764004666549,East Lake Bonney
58.2,62.002939711791285,East Lake Bonney
58.300000000000004,62.12958433655815,East Lake Bonney
58.400000000000006,62.25633639122469,East Lake Bonney
58.5,62.3831979260598,East Lake Bonney
58.6,62.51017099838027,East Lake Bonney
58.7,62.63725774445723,East Lake Bonney
58.800000000000004,62.7644603501209,East Lake Bonney
58.900000000000006,62.89178100196782,East Lake Bonney
59,63.019221886594636,East Lake Bonney
59.1,63.14678519059788,East Lake Bonney
59.2,63.27447310057426,East Lake Bonney
59.300000000000004,63.40228780312017,East Lake Bonney
59.400000000000006,63.53023148483218,East Lake Bonney
59.5,63.65830633230697,East Lake Bonney
59.6,63.78651453214109,East Lake Bonney
59.7,63.914858270931,East Lake Bonney
59.800000000000004,64.04333973527338,East Lake Bonney
59.900000000000006,64.1719611117648,East Lake Bonney
60,64.30072458700161,East Lake Bonney
60.1,64.42963234758076,East Lake Bonney
60.2,64.55868658009845,East Lake Bonney
60.300000000000004,64.68788947115138,East Lake Bonney
60.400000000000006,64.81724320733622,East Lake Bonney
60.5,64.94674997524953,East Lake Bonney
60.6,65.07641196148771,East Lake Bonney
60.7,65.206231352647407,East Lake Bonney
60.800000000000004,65.33621033532523,East Lake Bonney
60.900000000000006,65.46635109611768,East Lake Bonney
61,65.59665582162143,East Lake Bonney
61.1,65.72712669843293,East Lake Bonney
61.2,65.85776591314877,East Lake Bonney
61.300000000000004,65.98857565236555,East Lake Bonney
61.400000000000006,66.11955810267992,East Lake Bonney
61.5,66.25071545068838,East Lake Bonney
61.6,66.38204988298742,East Lake Bonney
61.7,66.51356358617366,East Lake Bonney
61.800000000000004,66.64525874684361,East Lake Bonney
61.900000000000006,66.77713755159392,East Lake Bonney
62,66.90920218702118,East Lake Bonney
62.1,67.04145483972187,East Lake Bonney
62.2,67.1738976962927,East Lake Bonney
62.300000000000004,67.30653294333007,East Lake Bonney
62.400000000000006,67.43936276743062,East Lake Bonney
62.5,67.57238935519098,East Lake Bonney
62.6,67.70561489320757,East Lake Bonney
62.7,67.83904156807705,East Lake Bonney
62.800000000000004,67.97267157007121,East Lake Bonney
62.900000000000006,68.10650712499003,East Lake Bonney
63,68.24055047854432,East Lake Bonney
63.1,68.37480387666434,East Lake Bonney
63.2,68.50926956528009,East Lake Bonney
63.300000000000004,68.64394979583855,East Lake Bonney
63.400000000000006,68.77884685223007,East Lake Bonney
63.5,68.91396303016924,East Lake Bonney
63.6,69.04930062538676,East Lake Bonney
63.7,69.18486193361377,East Lake Bonney
63.800000000000004,69.32064925058143,East Lake Bonney
63.900000000000006,69.45666487202084,East Lake Bonney
64,69.59291109366295,East Lake Bonney
64.10000000000001,69.72939021123892,East Lake Bonney
64.2,69.86610452047975,East Lake Bonney
64.3,70.0030563171168,East Lake Bonney
64.4,70.14024789688088,East Lake Bonney
64.5,70.27768155550311,East Lake Bonney
64.60000000000001,70.41535958871472,East Lake Bonney
64.7,70.55328429224656,East Lake Bonney
64.8,70.69145796182997,East Lake Bonney
64.9,70.82988289319579,East Lake Bonney
65,70.96856138207522,East Lake Bonney
65.10000000000001,71.10749572419954,East Lake Bonney
65.2,71.2466882152994,East Lake Bonney
65.3,71.38614115110613,East Lake Bonney
65.4,71.52585682735088,East Lake Bonney
65.5,71.66583753976461,East Lake Bonney
65.60000000000001,71.80608558407847,East Lake Bonney
65.7,71.94660325602361,East Lake Bonney
65.8,72.0873928513308,East Lake Bonney
65.9,72.22845666573147,East Lake Bonney
66,72.3697969949565,East Lake Bonney
66.10000000000001,72.5114161347372,East Lake Bonney
66.2,72.65331638080448,East Lake Bonney
66.3,72.79550002888728,East Lake Bonney
66.4,72.93796937203214,East Lake Bonney
66.5,73.08072669530875,East Lake Bonney
66.60000000000001,73.22377428231164,East Lake Bonney
66.7,73.3671144166349,East Lake Bonney
66.8,73.51074938187303,East Lake Bonney
66.9,73.65468146162016,East Lake Bonney
67,73.79891293947067,East Lake Bonney
67.10000000000001,73.94344609901879,East Lake Bonney
67.2,74.08828322385898,East Lake Bonney
67.3,74.2334265975855,East Lake Bonney
67.4,74.37887850379255,East Lake Bonney
67.5,74.52464122607431,East Lake Bonney
67.60000000000001,74.67071704616674,East Lake Bonney
67.7,74.81710822435399,East Lake Bonney
67.8,74.96381700715489,East Lake Bonney
67.9,75.1108456408625,East Lake Bonney
68,75.25819637176942,East Lake Bonney
68.10000000000001,75.40587144616869,East Lake Bonney
68.2,75.55387310750407,East Lake Bonney
68.3,75.70220357007129,East Lake Bonney
68.4,75.85086503108681,East Lake Bonney
68.5,75.99985968755038,East Lake Bonney
68.60000000000001,76.14918973646209,East Lake Bonney
68.7,76.29885737482195,East Lake Bonney
68.8,76.44886479962989,East Lake Bonney
68.9,76.5992142078862,East Lake Bonney
69,76.74990779659068,East Lake Bonney
69.10000000000001,76.90094776274364,East Lake Bonney
69.2,77.05233630334439,East Lake Bonney
69.3,77.20407559953611,East Lake Bonney
69.4,77.35616774587112,East Lake Bonney
69.5,77.50861479817742,East Lake Bonney
69.60000000000001,77.66141881169423,East Lake Bonney
69.7,77.814581841661,East Lake Bonney
69.8,77.96810594331674,East Lake Bonney
69.9,78.1219931719007,East Lake Bonney
70,78.27624558072574,East Lake Bonney
70.10000000000001,78.43086518156508,East Lake Bonney
70.2,78.58585394572725,East Lake Bonney
70.3,78.74121381162861,East Lake Bonney
70.4,78.89694666501182,East Lake Bonney
70.5,79.05305438500609,East Lake Bonney
70.60000000000001,79.20953880762994,East Lake Bonney
70.7,79.36640172119047,East Lake Bonney
70.8,79.52364491152161,East Lake Bonney
70.9,79.68127016445646,East Lake Bonney
71,79.83927926576152,East Lake Bonney
71.10000000000001,79.99767395355165,East Lake Bonney
71.2,80.15645582869331,East Lake Bonney
71.3,80.31562646710877,East Lake Bonney
71.4,80.47518744472025,East Lake Bonney
71.5,80.63514033745003,East Lake Bonney
71.60000000000001,80.79548672121993,East Lake Bonney
71.7,80.9562281719522,East Lake Bonney
71.8,81.11736626556498,East Lake Bonney
71.9,81.27890255419851,East Lake Bonney
72,81.44083851054675,East Lake Bonney
72.10000000000001,81.6031755907307,East Lake Bonney
72.2,81.76591525087139,East Lake Bonney
72.3,81.92905893185744,East Lake Bonney
72.4,82.0926079910342,East Lake Bonney
72.5,82.25656375725211,East Lake Bonney
72.60000000000001,82.42092755933751,East Lake Bonney
72.7,82.58570072611678,East Lake Bonney
72.8,82.75088458641619,East Lake Bonney
72.9,82.916480469062,East Lake Bonney
73,83.08248970288062,East Lake Bonney
73.10000000000001,83.24891359732098,East Lake Bonney
73.2,83.41575336127572,East Lake Bonney
73.3,83.58301007676165,East Lake Bonney
73.4,83.75068467767477,East Lake Bonney
73.5,83.91877806356499,East Lake Bonney
73.60000000000001,84.08729113394452,East Lake Bonney
73.7,84.25622477816415,East Lake Bonney
73.8,84.42557979336816,East Lake Bonney
73.9,84.59535688620507,East Lake Bonney
74,84.76555666454402,East Lake Bonney
74.10000000000001,84.93617972202023,East Lake Bonney
74.2,85.10722665226805,East Lake Bonney
74.3,85.27869804892295,East Lake Bonney
74.4,85.45059450561959,East Lake Bonney
74.5,85.62291661599325,East Lake Bonney
74.60000000000001,85.79566497367843,East Lake Bonney
74.7,85.9688401723104,East Lake Bonney
74.8,86.14244279307192,East Lake Bonney
74.9,86.31647331282937,East Lake Bonney
75,86.49093215640984,East Lake Bonney
75.10000000000001,86.66581974825928,East Lake Bonney
75.2,86.84113648694766,East Lake Bonney
75.3,87.0168826546717,East Lake Bonney
75.4,87.19305850092498,East Lake Bonney
75.5,87.3696642751979,East Lake Bonney
75.60000000000001,87.54670022698237,East Lake Bonney
75.7,87.72416660576943,East Lake Bonney
75.8,87.90206366105069,East Lake Bonney
75.9,88.08039164231687,East Lake Bonney
76,88.25915079905987,East Lake Bonney
76.10000000000001,88.43834138077048,East Lake Bonney
76.2,88.61796363694042,East Lake Bonney
76.3,88.79801781706047,East Lake Bonney
76.4,88.97850417062239,East Lake Bonney
76.5,89.15942294711728,East Lake Bonney
76.60000000000001,89.34077439603658,East Lake Bonney
76.7,89.52255876687123,East Lake Bonney
76.80000000000001,89.70477630911276,East Lake Bonney
76.9,89.8874272722525,East Lake Bonney
77,90.07051190578171,East Lake Bonney
77.10000000000001,90.25403045919163,East Lake Bonney
77.2,90.4379831819736,East Lake Bonney
77.30000000000001,90.62237032361884,East Lake Bonney
77.4,90.80719213361866,East Lake Bonney
77.5,90.99244884899701,East Lake Bonney
77.60000000000001,91.17814058377519,East Lake Bonney
77.7,91.36426737790045,East Lake Bonney
77.80000000000001,91.55082917208156,East Lake Bonney
77.9,91.73782580522077,East Lake Bonney
78,91.92525711151976,East Lake Bonney
78.10000000000001,92.11312292518123,East Lake Bonney
78.2,92.30142308040722,East Lake Bonney
78.30000000000001,92.49015741139975,East Lake Bonney
78.4,92.67932575236108,East Lake Bonney
78.5,92.86892793749371,East Lake Bonney
78.60000000000001,93.05896380099918,East Lake Bonney
78.7,93.24943317708016,East Lake Bonney
78.80000000000001,93.44033589993886,East Lake Bonney
78.9,93.63167180377711,East Lake Bonney
79,93.8234407227975,East Lake Bonney
79.10000000000001,94.01564249120203,East Lake Bonney
79.2,94.20827694319287,East Lake Bonney
79.30000000000001,94.40134391297178,East Lake Bonney
79.4,94.59484323474172,East Lake Bonney
79.5,94.78877474270462,East Lake Bonney
79.60000000000001,94.98313827106229,East Lake Bonney
79.7,95.17793365401742,East Lake Bonney
79.80000000000001,95.37316072577195,East Lake Bonney
79.9,95.56881932052787,East Lake Bonney
80,95.76490927248786,East Lake Bonney
80.10000000000001,95.96143041585361,East Lake Bonney
80.2,96.1583825773351,East Lake Bonney
80.30000000000001,96.35576542351507,East Lake Bonney
80.4,96.55357836508327,East Lake Bonney
80.5,96.75182076932512,East Lake Bonney
80.60000000000001,96.95049200352675,East Lake Bonney
80.7,97.14959143497319,East Lake Bonney
80.80000000000001,97.34911843095016,East Lake Bonney
80.9,97.54907235874325,East Lake Bonney
81,97.74945258563771,East Lake Bonney
81.10000000000001,97.9502584789192,East Lake Bonney
81.2,98.15148940587316,East Lake Bonney
81.30000000000001,98.35314473378553,East Lake Bonney
81.4,98.55522382994153,East Lake Bonney
81.5,98.75772606162657,East Lake Bonney
81.60000000000001,98.96065079612636,East Lake Bonney
81.7,99.16399740072639,East Lake Bonney
81.80000000000001,99.36776524271238,East Lake Bonney
81.9,99.57195368936927,East Lake Bonney
82,99.77656210798303,East Lake Bonney
82.10000000000001,99.98158986583958,East Lake Bonney
82.2,100.18703633022348,East Lake Bonney
82.30000000000001,100.3929008684209,East Lake Bonney
82.4,100.59918284771732,East Lake Bonney
82.5,100.80588163539834,East Lake Bonney
82.60000000000001,101.01299659874911,East Lake Bonney
82.7,101.22052710505541,East Lake Bonney
82.80000000000001,101.42847252160283,East Lake Bonney
82.9,101.63683221567662,East Lake Bonney
83,101.8456055545628,East Lake Bonney
83.10000000000001,102.05479190554641,East Lake Bonney
83.2,102.26439063591329,East Lake Bonney
83.30000000000001,102.47440111294871,East Lake Bonney
83.4,102.68482270393835,East Lake Bonney
83.5,102.89565477616786,East Lake Bonney
83.60000000000001,103.10689669692255,East Lake Bonney
83.7,103.31854783348803,East Lake Bonney
83.80000000000001,103.53060755314971,East Lake Bonney
83.9,103.74307522319293,East Lake Bonney
84,103.95595021090404,East Lake Bonney
84.10000000000001,104.16923188356819,East Lake Bonney
84.2,104.38291960847039,East Lake Bonney
84.30000000000001,104.59701275289643,East Lake Bonney
84.4,104.81151068413206,East Lake Bonney
84.5,105.02641276946298,East Lake Bonney
84.60000000000001,105.24171837617396,East Lake Bonney
84.7,105.45742687155149,East Lake Bonney
84.80000000000001,105.67353762288029,East Lake Bonney
84.9,105.89004999744625,East Lake Bonney
85,106.10696336253501,East Lake Bonney
85.10000000000001,106.32427708543163,East Lake Bonney
85.2,106.54199053205025,East Lake Bonney
85.30000000000001,106.76010297802047,East Lake Bonney
85.4,106.978613554259,East Lake Bonney
85.5,107.19752137865731,East Lake Bonney
85.60000000000001,107.41682556910705,East Lake Bonney
85.7,107.63652524346003,East Lake Bonney
85.80000000000001,107.85661946476101,East Lake Bonney
85.9,108.07710713288972,East Lake Bonney
86,108.29798711749626,East Lake Bonney
86.10000000000001,108.51925828823107,East Lake Bonney
86.2,108.74091951474422,East Lake Bonney
86.30000000000001,108.9629696666867,East Lake Bonney
86.4,109.18540761370758,East Lake Bonney
86.5,109.40823222545826,East Lake Bonney
86.60000000000001,109.63144237158893,East Lake Bonney
86.7,109.85503692174935,East Lake Bonney
86.80000000000001,110.07901474559053,East Lake Bonney
86.9,110.30337471276206,East Lake Bonney
87,110.52811569291485,East Lake Bonney
87.10000000000001,110.75323655569878,East Lake Bonney
87.2,110.97873617076459,East Lake Bonney
87.30000000000001,111.20461340776164,East Lake Bonney
87.4,111.43086713634167,East Lake Bonney
87.5,111.65749622615407,East Lake Bonney
87.60000000000001,111.88449954684916,East Lake Bonney
87.7,112.11187596807767,East Lake Bonney
87.80000000000001,112.33962435948979,East Lake Bonney
87.9,112.56774359073589,East Lake Bonney
88,112.79623253146563,East Lake Bonney
88.10000000000001,113.0250900513301,East Lake Bonney
88.2,113.25431501997916,East Lake Bonney
88.30000000000001,113.48390630706342,East Lake Bonney
88.4,113.71386278223255,East Lake Bonney
88.5,113.94418331513855,East Lake Bonney
88.60000000000001,114.17486674220646,East Lake Bonney
88.7,114.40591174581601,East Lake Bonney
88.80000000000001,114.63731696372659,East Lake Bonney
88.9,114.86908103369376,East Lake Bonney
89,115.10120259347397,East Lake Bonney
89.10000000000001,115.33368026401331,East Lake Bonney
89.2,115.56651252618866,East Lake Bonney
89.30000000000001,115.79969779130995,East Lake Bonney
89.4,116.03323447018514,East Lake Bonney
89.5,116.26712097362072,East Lake Bonney
89.60000000000001,116.50135571242501,East Lake Bonney
89.7,116.73593709740517,East Lake Bonney
89.80000000000001,116.97086353936777,East Lake Bonney
89.9,117.2061334491207,East Lake Bonney
90,117.4417452374713,East Lake Bonney
90.10000000000001,117.67769731522745,East Lake Bonney
90.2,117.91398809319573,East Lake Bonney
90.30000000000001,118.15061598218415,East Lake Bonney
90.4,118.38757939299924,East Lake Bonney
90.5,118.6248767364494,East Lake Bonney
90.60000000000001,118.86250642334132,East Lake Bonney
90.7,119.10046686448247,East Lake Bonney
90.80000000000001,119.33875646696622,East Lake Bonney
90.9,119.57737354225004,East Lake Bonney
91,119.8163163001195,East Lake Bonney
91.10000000000001,120.05558294543603,East Lake Bonney
91.2,120.29517168306046,East Lake Bonney
91.30000000000001,120.53508071785451,East Lake Bonney
91.4,120.7753082546793,East Lake Bonney
91.5,121.01585249839619,East Lake Bonney
91.60000000000001,121.25671165386719,East Lake Bonney
91.7,121.49788392595289,East Lake Bonney
91.80000000000001,121.73936751951513,East Lake Bonney
91.9,121.98116063941488,East Lake Bonney
92,122.22326149051362,East Lake Bonney
92.10000000000001,122.46566827767315,East Lake Bonney
92.2,122.70837920575454,East Lake Bonney
92.30000000000001,122.95139247961913,East Lake Bonney
92.4,123.19470630412803,East Lake Bonney
92.5,123.4383188841435,East Lake Bonney
92.60000000000001,123.68222842452582,East Lake Bonney
92.7,123.92643313013704,East Lake Bonney
92.80000000000001,124.17093120583843,East Lake Bonney
92.9,124.41572085649128,East Lake Bonney
93,124.66080028695677,East Lake Bonney
93.10000000000001,124.90616770209682,East Lake Bonney
93.2,125.1518213067722,East Lake Bonney
93.30000000000001,125.39775930584452,East Lake Bonney
93.4,125.64397990417493,East Lake Bonney
93.5,125.89048130662579,East Lake Bonney
93.60000000000001,126.13726171805709,East Lake Bonney
93.7,126.38431934333096,East Lake Bonney
93.80000000000001,126.6316523873088,East Lake Bonney
93.9,126.87925905485176,East Lake Bonney
94,127.1271375508214,East Lake Bonney
94.10000000000001,127.37528608007892,East Lake Bonney
94.2,127.62370284748596,East Lake Bonney
94.30000000000001,127.87238605790301,East Lake Bonney
94.4,128.12133391619295,East Lake Bonney
94.5,128.3705446272155,East Lake Bonney
94.60000000000001,128.62001639583332,East Lake Bonney
94.7,128.8697474268797,East Lake Bonney
94.80000000000001,129.1197358955276,East Lake Bonney
94.9,129.3699798908845,East Lake Bonney
95,129.62047748653487,East Lake Bonney
95.10000000000001,129.87122675606403,East Lake Bonney
95.2,130.12222577305747,East Lake Bonney
95.30000000000001,130.37347261109917,East Lake Bonney
95.4,130.62496534377493,East Lake Bonney
95.5,130.87670204466988,East Lake Bonney
95.60000000000001,131.1286807873683,East Lake Bonney
95.7,131.38089964545605,East Lake Bonney
95.80000000000001,131.63335669251805,East Lake Bonney
95.9,131.88605000213846,East Lake Bonney
96,132.13897764625432,East Lake Bonney
96.10000000000001,132.39213765157328,East Lake Bonney
96.2,132.64552799510503,East Lake Bonney
96.30000000000001,132.8991466513131,East Lake Bonney
96.4,133.15299159466045,East Lake Bonney
96.5,133.4070607989053,East Lake Bonney
96.60000000000001,133.6613522034734,East Lake Bonney
96.7,133.9158636484376,East Lake Bonney
96.80000000000001,134.17059284153783,East Lake Bonney
96.9,134.42553743277995,East Lake Bonney
97,134.68069506872502,East Lake Bonney
97.10000000000001,134.93606339593217,East Lake Bonney
97.2,135.19164006003527,East Lake Bonney
97.30000000000001,135.44742267807112,East Lake Bonney
97.4,135.70340883371728,East Lake Bonney
97.5,135.9595961087635,East Lake Bonney
97.60000000000001,136.215982085002,East Lake Bonney
97.7,136.47256434422295,East Lake Bonney
97.80000000000001,136.7293404682174,East Lake Bonney
97.9,136.98630803877657,East Lake Bonney
98,137.24346463769174,East Lake Bonney
98.10000000000001,137.50080784675373,East Lake Bonney
98.2,137.7583352477529,East Lake Bonney
98.30000000000001,138.01604442248092,East Lake Bonney
98.4,138.2739329527289,East Lake Bonney
98.5,138.5319984202872,East Lake Bonney
98.60000000000001,138.79023840694748,East Lake Bonney
98.7,139.04865049449808,East Lake Bonney
98.80000000000001,139.30723226129678,East Lake Bonney
98.9,139.56598127547886,East Lake Bonney
99,139.82489510327832,East Lake Bonney
99.10000000000001,140.0839713094802,East Lake Bonney
99.2,140.34320745536684,East Lake Bonney
99.30000000000001,140.60260110170162,East Lake Bonney
99.4,140.86214981050864,East Lake Bonney
99.5,141.1218511471942,East Lake Bonney
99.60000000000001,141.38170267772927,East Lake Bonney
99.7,141.6417019680839,East Lake Bonney
99.80000000000001,141.90184658422862,East Lake Bonney
99.9,142.16213409256943,East Lake Bonney
100,142.42256207131052,East Lake Bonney
100.10000000000001,142.68312811806237,East Lake Bonney
100.2,142.94382987150405,East Lake Bonney
100.30000000000001,143.2046649869601,East Lake Bonney
100.4,143.4656311198528,East Lake Bonney
100.5,143.72672592560622,East Lake Bonney
100.60000000000001,143.98794705964295,East Lake Bonney
100.7,144.24929217738656,East Lake Bonney
100.80000000000001,144.51075893425914,East Lake Bonney
100.9,144.77234498568532,East Lake Bonney
101,145.03404798708686,East Lake Bonney
101.10000000000001,145.29586559388736,East Lake Bonney
101.2,145.55779546151018,East Lake Bonney
101.30000000000001,145.81983524537821,East Lake Bonney
101.4,146.08198260091478,East Lake Bonney
101.5,146.34423518354197,East Lake Bonney
101.60000000000001,146.60659065857578,East Lake Bonney
101.7,146.86904675033483,East Lake Bonney
101.80000000000001,147.13160120492677,East Lake Bonney
101.9,147.39425176849323,East Lake Bonney
102,147.65699618717687,East Lake Bonney
102.10000000000001,147.91983220711933,East Lake Bonney
102.2,148.18275757446239,East Lake Bonney
102.30000000000001,148.44577003534835,East Lake Bonney
102.4,148.70886733591914,East Lake Bonney
102.5,148.9720472239801,East Lake Bonney
102.60000000000001,149.23530750364196,East Lake Bonney
102.7,149.4986460476624,East Lake Bonney
102.80000000000001,149.76206073296157,East Lake Bonney
102.9,150.02554943645762,East Lake Bonney
103,150.28911003699346,East Lake Bonney
103.10000000000001,150.5527404790978,East Lake Bonney
103.2,150.81643882210398,East Lake Bonney
103.30000000000001,151.08020323489862,East Lake Bonney
103.4,151.3440319061946,East Lake Bonney
103.5,151.60792303583779,East Lake Bonney
103.60000000000001,151.87187492857652,East Lake Bonney
103.7,152.13588594677486,East Lake Bonney
103.80000000000001,152.3999544645136,East Lake Bonney
103.9,152.66407896764935,East Lake Bonney
104,152.92825800661018,East Lake Bonney
104.10000000000001,153.19249013261074,East Lake Bonney
104.2,153.45677389686182,East Lake Bonney
104.30000000000001,153.72110785057654,East Lake Bonney
104.4,153.98549054496786,East Lake Bonney
104.5,154.24992054948515,East Lake Bonney
104.60000000000001,154.51439657239374,East Lake Bonney
104.7,154.77891738578842,East Lake Bonney
104.80000000000001,155.0434817621009,East Lake Bonney
104.9,155.30808847376272,East Lake Bonney
105,155.5727362932064,East Lake Bonney
105.10000000000001,155.8374239928628,East Lake Bonney
105.2,156.10215034516466,East Lake Bonney
105.30000000000001,156.36691412254342,East Lake Bonney
105.4,156.6317140974303,East Lake Bonney
105.5,156.8965490422583,East Lake Bonney
105.60000000000001,157.161417729459,East Lake Bonney
105.7,157.4263189314632,East Lake Bonney
105.80000000000001,157.6912514506829,East Lake Bonney
105.9,157.95621427479415,East Lake Bonney
106,158.2212064621643,East Lake Bonney
106.10000000000001,158.48622707130173,East Lake Bonney
106.2,158.7512751607154,East Lake Bonney
106.30000000000001,159.0163497889136,East Lake Bonney
106.4,159.28145001440416,East Lake Bonney
106.5,159.54657489569573,East Lake Bonney
106.60000000000001,159.8117234912977,East Lake Bonney
106.7,160.0768948597169,East Lake Bonney
106.80000000000001,160.34208805946253,East Lake Bonney
106.9,160.60730214904268,East Lake Bonney
107,160.87253618696676,East Lake Bonney
107.10000000000001,161.13778923174186,East Lake Bonney
107.2,161.4030603418769,East Lake Bonney
107.30000000000001,161.66834857588046,East Lake Bonney
107.4,161.9336529922607,East Lake Bonney
107.5,162.19897264952644,East Lake Bonney
107.60000000000001,162.46430660618626,East Lake Bonney
107.7,162.72965392074696,East Lake Bonney
107.80000000000001,162.99501365171855,East Lake Bonney
107.9,163.26038485760907,East Lake Bonney
108,163.5257665969263,East Lake Bonney
108.10000000000001,163.79115792817987,East Lake Bonney
108.2,164.05655790987737,East Lake Bonney
108.30000000000001,164.32196560052637,East Lake Bonney
108.4,164.58738005863728,East Lake Bonney
108.5,164.85280034271736,East Lake Bonney
108.60000000000001,165.11822551127503,East Lake Bonney
108.7,165.38365462281803,East Lake Bonney
108.80000000000001,165.64908673585603,East Lake Bonney
108.9,165.91452092866123,East Lake Bonney
109,166.1799565364301,East Lake Bonney
109.10000000000001,166.44539307400476,East Lake Bonney
109.2,166.7108300599378,East Lake Bonney
109.30000000000001,166.97626711065988,East Lake Bonney
109.4,167.24170416138168,East Lake Bonney
109.5,167.50714121210393,East Lake Bonney
109.60000000000001,167.77257826282624,East Lake Bonney
109.7,168.03801531354878,East Lake Bonney
109.80000000000001,168.3034523642704,East Lake Bonney
109.9,168.56888941499324,East Lake Bonney
110,168.83432646571563,East Lake Bonney
0,0.1596781313139175,Lake Fryxell
0.1,0.21839008437767227,Lake Fryxell
0.2,0.2771020374414306,Lake Fryxell
0.30000000000000004,0.3358139905051849,Lake Fryxell
0.4,0.3945259435689392,Lake Fryxell
0.5,0.45323789996878494,Lake Fryxell
0.6000000000000001,0.5119518027992691,Lake Fryxell
0.7000000000000001,0.5706817364549717,Lake Fryxell
0.8,0.6294550381022503,Lake Fryxell
0.9,0.6883046167067275,Lake Fryxell
1,0.747268102922729,Lake Fryxell
1.1,0.8063904129698023,Lake Fryxell
1.2000000000000002,0.8657271267323838,Lake Fryxell
1.3,0.9253404801344365,Lake Fryxell
1.4000000000000001,0.9852971741131924,Lake Fryxell
1.5,1.0456678016582819,Lake Fryxell
1.6,1.1065241934343342,Lake Fryxell
1.7000000000000002,1.167938583550673,Lake Fryxell
1.8,1.2299837971548349,Lake Fryxell
1.9000000000000001,1.2927334877748238,Lake Fryxell
2,1.3562618448446675,Lake Fryxell
2.1,1.4206431227602532,Lake Fryxell
2.2,1.4859511866942154,Lake Fryxell
2.3000000000000003,1.5522591937022863,Lake Fryxell
2.4000000000000004,1.6196392546906342,Lake Fryxell
2.5,1.6881619722698469,Lake Fryxell
2.6,1.7578962991882572,Lake Fryxell
2.7,1.8289095843061007,Lake Fryxell
2.8000000000000003,1.9012653910501425,Lake Fryxell
2.9000000000000004,1.9750210109488455,Lake Fryxell
3,2.050229528348701,Lake Fryxell
3.1,2.126940755361916,Lake Fryxell
3.2,2.2052021168676004,Lake Fryxell
3.3000000000000003,2.2850574252588927,Lake Fryxell
3.4000000000000004,2.366547886148491,Lake Fryxell
3.5,2.449711704576737,Lake Fryxell
3.6,2.5345840385220666,Lake Fryxell
3.7,2.6211972173210647,Lake Fryxell
3.8000000000000003,2.7095813783436964,Lake Fryxell
3.9000000000000004,2.799763532425659,Lake Fryxell
4,2.891766625295747,Lake Fryxell
4.1000000000000005,2.985610630499773,Lake Fryxell
4.2,3.0813126177067227,Lake Fryxell
4.3,3.1788849945409865,Lake Fryxell
4.4,3.278338618215936,Lake Fryxell
4.5,3.37968289491668,Lake Fryxell
4.6000000000000005,3.4829251613858285,Lake Fryxell
4.7,3.5880698876302253,Lake Fryxell
4.800000000000001,3.695117749620314,Lake Fryxell
4.9,3.8040642963672964,Lake Fryxell
5,3.91490119749722,Lake Fryxell
5.1000000000000005,4.027613336639709,Lake Fryxell
5.2,4.142178285274312,Lake Fryxell
5.300000000000001,4.258570326534346,Lake Fryxell
5.4,4.376762366048588,Lake Fryxell
5.5,4.496726384700663,Lake Fryxell
5.6000000000000005,4.6184325044963686,Lake Fryxell
5.7,4.741847409197796,Lake Fryxell
5.800000000000001,4.866934251353559,Lake Fryxell
5.9,4.993653138771389,Lake Fryxell
6,5.121958845777797,Lake Fryxell
6.1000000000000005,5.251801248839962,Lake Fryxell
6.2,5.383128418527992,Lake Fryxell
6.300000000000001,5.5158868238813135,Lake Fryxell
6.4,5.650021266873386,Lake Fryxell
6.5,5.785474349293459,Lake Fryxell
6.6000000000000005,5.9221860997566305,Lake Fryxell
6.7,6.060095095344874,Lake Fryxell
6.800000000000001,6.199138168497983,Lake Fryxell
6.9,6.339250577509791,Lake Fryxell
7,6.480367137181702,Lake Fryxell
7.1000000000000005,6.62242260440419,Lake Fryxell
7.2,6.765351566629798,Lake Fryxell
7.300000000000001,6.9090883722304595,Lake Fryxell
7.4,7.053567354667584,Lake Fryxell
7.5,7.1987230752005065,Lake Fryxell
7.6000000000000005,7.344490421772637,Lake Fryxell
7.7,7.49080480144611,Lake Fryxell
7.800000000000001,7.637602498721158,Lake Fryxell
7.9,7.784821267157463,Lake Fryxell
8,7.9324033587064084,Lake Fryxell
8.1,8.08029611213862,Lake Fryxell
8.200000000000001,8.228450844780355,Lake Fryxell
8.3,8.376821207795658,Lake Fryxell
8.4,8.52536430133975,Lake Fryxell
8.5,8.674041168740422,Lake Fryxell
8.6,8.82281595959601,Lake Fryxell
8.700000000000001,8.97166229699431,Lake Fryxell
8.8,9.120559476362697,Lake Fryxell
8.9,9.26948926062615,Lake Fryxell
9,9.418434287595884,Lake Fryxell
9.1,9.567382072422074,Lake Fryxell
9.200000000000001,9.716329895816184,Lake Fryxell
9.3,9.865277719210285,Lake Fryxell
9.4,10.014225542604393,Lake Fryxell
9.5,10.163173365998503,Lake Fryxell
9.600000000000001,10.312121189392613,Lake Fryxell
9.700000000000001,10.46106901278672,Lake Fryxell
9.8,10.610016836180826,Lake Fryxell
9.9,10.758964659574936,Lake Fryxell
10,10.907912482969044,Lake Fryxell
0,-0.09602418584699235,Lake Hoare
0.1,-0.0068305177381997595,Lake Hoare
0.2,0.0825675643510908,Lake Hoare
0.30000000000000004,0.17423678248687774,Lake Hoare
0.4,0.2740664515107864,Lake Hoare
0.5,0.3911472057169484,Lake Hoare
0.6000000000000001,0.5328094295144861,Lake Hoare
0.7000000000000001,0.7001976139614452,Lake Hoare
0.8,0.8854132900715138,Lake Hoare
0.9,1.0772112867972465,Lake Hoare
1,1.2703069942670644,Lake Hoare
