location_name,date_time,ice.approx,heat_J,heatIce_J,Area_2D,vol,LL,tempV,tempUse,heatTot_J_m2,dec.date,yday
East Lake Bonney,1993-12-09,-3.63,61924001377243984,3559328598099600,3416159.716,54576272.059520006,62.35290322580645,4.639549718150823,3.951846153846154,17084878234.991863,1993.9369863013699,343
East Lake Bonney,1995-10-20,-3.646179245283019,61444217571950910,3550235547087180,3411414.902,54196765.16982,62.3,4.579958985696715,3.9989422492401214,16970665746.615107,1995.8,293
East Lake Bonney,1996-11-06,-3.7732183908045975,61097414544726160,3643518440356920,3411414.902,53954583.425720006,62.3,4.5305074797240605,3.8490699404761903,16841661819.172426,1996.8469945355191,311
East Lake Bonney,1996-11-23,-3.7800574712643678,61135727577031536,3643518440356920,3411414.902,53954583.425720006,62.3,4.556539625954479,3.9056309523809523,16852892652.538052,1996.8934426229507,328
East Lake Bonney,1997-11-10,-3.939636363636364,60357319235833256,3829164451196760,3411414.902,53299074.165541,62.3,4.485618697184536,3.9135091185410333,16570296023.358492,1997.8575342465754,314
East Lake Bonney,1997-12-01,-3.7415000000000003,61129848856482450,3643518440356920,3411414.902,53954583.425720006,62.3,4.523877062893392,3.885659226190476,16851169402.591045,1997.9150684931508,335
East Lake Bonney,1997-12-08,-3.7615529411764705,61143673756790784,3643518440356920,3411414.902,53954583.425720006,62.3,4.52120162595398,3.9010662202380955,16855221944.045395,1997.9342465753425,342
East Lake Bonney,1997-12-21,-3.7731,60971849384042296,3643518440356920,3411414.902,53803354.56023,62.3,4.574386676708939,4.104860248447205,16804854463.781487,1997.9698630136986,355
East Lake Bonney,1998-11-12,-4.062769230769231,59295396244048030,3900423839113980,3401535.669,52418145.60202,62.108333333333334,4.394809811094668,3.7754108761329306,16285283411.777166,1998.86301369863,316
East Lake Bonney,1998-12-10,-4.085807065217391,59289597208711216,3900423839113980,3401535.669,52397070.055931,62.1241935483871,4.4549180504838635,3.8569435975609756,16283578583.164118,1998.9397260273972,344
East Lake Bonney,1999-11-09,-4.206519021739131,58577279126168600,4083064728697800.5,3401535.669,51810557.81232,62.1,4.139948527281931,3.6436686930091184,16020474191.732134,1999.854794520548,313
East Lake Bonney,2000-10-30,-4.0760000000000005,58369148795340536,3878715507180120,3391635.003,51691293.19532,61.91904761904762,3.9362849019243016,3.62452523659306,16066125405.582275,2000.827868852459,304
East Lake Bonney,2000-11-28,-4.300542857142857,57860373602599870,3451187346948900,3348040.041,51207035.913320005,61.90063492063492,3.902595742645876,3.513120795107034,16251056017.657398,2000.9071038251366,333
East Lake Bonney,2001-11-10,-4.488914285714286,56748460118037310,4227980772307860,3386582.87,50309500.54912,61.80723860589812,3.88065840803887,3.4101203703703704,15508399280.874369,2001.8575342465754,314
East Lake Bonney,2001-12-05,-4.412492795389049,56739275821486304,4126180091235660,3381145.966,50309500.54912,61.80053619302949,3.93494969443455,3.4288796296296296,15560728894.675184,2001.9260273972602,339
East Lake Bonney,2001-12-29,-4.392435158501441,58489191235195496,4083064728697800.5,3401535.669,51804043.783661,62.24,3.8355538023743314,3.4293003048780486,15994577685.111345,2001.9917808219177,363
East Lake Bonney,2002-12-11,-4.255178571428571,60400440606118920,3726617319242640,3406542.884,53336998.55932,62.6,3.5466245211256116,3.3350119760479044,16636756153.302628,2002.9424657534246,345
East Lake Bonney,2003-11-19,-4.302451253481894,60216803677379064,4240794488036760.5,3430675.638,53336998.55932,62.7,3.7107262841826545,3.2467275449101796,16316322233.825333,2003.8821917808218,323
East Lake Bonney,2003-12-13,-4.301428571428572,60616840097034104,4251398480480340.5,3435589.006,53645281.370620005,62.80140845070423,3.699562773082371,3.277950746268657,16406340082.62214,2003.9479452054795,347
East Lake Bonney,2004-11-11,-4.362,60647824729103630,4251398480480340.5,3435589.006,53645281.370620005,62.80542372881356,3.5735003956355014,3.2257167164179106,16415358807.509027,2004.860655737705,316
East Lake Bonney,2004-12-11,-4.3840216216216215,61005552287276990,4158422282717280.5,3435589.006,53954583.425720006,62.890410958904106,3.5863949037260348,3.2427752976190476,16546545557.480955,2004.9426229508197,346
East Lake Bonney,2004-12-31,-4.364778378378379,61359993520731464,4168561450527180.5,3440520.994,54264905.75862,62.97260273972603,3.6129610476288585,3.2441583827893177,16622898732.471527,2004.9972677595629,366
East Lake Bonney,2005-11-21,-4.0274074074074075,62824679092025576,3482408838355020,3425811.012,55516837.34842,63.1,3.4424034825335594,3.176976679234744,17322108559.347042,2005.8876712328768,325
East Lake Bonney,2005-12-15,-3.7082962962962966,64223965630206430,4138659129565800,3474172.321,56786186.56112,63.19857142857143,3.4986121280211733,3.168763768115942,17294854989.618298,2005.9534246575342,349
East Lake Bonney,2005-12-28,-3.6877433628318586,64646652809462630,3729623715583740,3459712.946,57106108.08332,63.254285714285714,3.414738741205826,3.161135838150289,17607538557.298244,2005.9890410958903,362
East Lake Bonney,2006-11-25,-3.29625,66824296010254830,3250394686896300,3464561.738,59046805.86952,63.48277777777778,3.5091283579178723,3.1199013257575756,18349767194.524887,2006.8986301369864,329
East Lake Bonney,2006-12-21,-3.1845098039215687,67580086360154610,3157855604939880,3469349.92,59701588.77222,63.49,3.519625961419807,3.1263898305084745,18568963131.63324,2006.9698630136986,355
East Lake Bonney,2007-11-24,-3.225,66850699625778350,3146249961052020,3459712.946,59046805.86952,63.35333333333333,3.5054372300516135,3.10347821969697,18413218281.123356,2007.8958904109588,328
East Lake Bonney,2007-12-14,-3.13,67228071855558464,3152119941048960,3464561.738,59373734.49842,63.42,3.575055599823114,3.1433212464589233,18494677468.6425,2007.9506849315069,348
East Lake Bonney,2007-12-29,-2.9692857142857143,68412780258793704,2959979378502060,3469349.92,60359859.651920006,63.47,3.509188060464835,3.1436657303370787,18866013054.195366,2007.9917808219177,363
East Lake Bonney,2008-11-23,-3.1491071428571424,66863160699758184,3146249961052020,3459712.946,59046805.86952,63.319504643962844,3.5650095222859877,3.138668181818182,18416820046.406868,2008.8934426229507,328
East Lake Bonney,2008-12-20,-3.0666666666666664,67642859890131496,3053566946344680,3464561.738,59701588.77222,63.391304347826086,3.60774209442885,3.1847973163841807,18642846578.64764,2008.967213114754,355
East Lake Bonney,2009-11-19,-3.28,68768973757064630,3279294116197920,3488913.438,60690233.91432,63.9,3.512569458105047,3.099247198879552,18770795207.349224,2009.8821917808218,323
East Lake Bonney,2009-12-14,-3.17,69145725364566750,3179747151251100,3488913.438,61021394.809020005,63.922,3.53538087932147,3.1143072625698323,18907312945.869553,2009.9506849315069,348
East Lake Bonney,2009-12-31,-3.12,69541552377375176,3185004677475420,3493844.248,61353289.12662,63.955999999999996,3.548232242902171,3.131802228412256,18992417231.502117,2009.9972602739726,365
East Lake Bonney,2010-11-19,-3.46,68389642888591856,3483629577570240,3493844.248,60359859.651920006,64.02222222222223,3.58304638595734,3.1275407303370786,18577248641.858067,2010.8821917808218,323
East Lake Bonney,2010-12-15,-3.37,69914424898916730,3401047999962e3,3509704.685,61685886.15792,64.3111111111111,3.600986636729711,3.1420097222222223,18951274499.881386,2010.9534246575342,349
East Lake Bonney,2011-11-18,-3.525,70723131324640336,3517852704444720,3524587.155,62353227.740720004,64.63614457831325,3.51210319638317,3.1054772099447514,19067560444.59216,2011.8794520547945,322
East Lake Bonney,2011-11-26,-3.485,70712278519607080,3623945883176520,3529380.53,62353227.740720004,64.66506024096385,3.5336149553177307,3.1106512430939226,19008529135.970093,2011.9013698630138,330
East Lake Bonney,2011-12-18,-3.375,71486009928665040,3528631259216100,3534147.864,63023723.777820006,64.74457831325302,3.508319353755239,3.0997589285714287,19228787612.902477,2011.9616438356165,352
East Lake Bonney,2012-11-18,-3.51,72249983457000370,3538885016166840,3543695.415,63697866.628620006,65.03882352941176,3.4780768338628048,3.067858606557377,19389673883.931564,2012.879781420765,323
East Lake Bonney,2012-12-16,-3.35,73029946059661920,3442118198416020,3548606.489,64374639.51222,65.13764705882353,3.4865763088763484,3.0734313858695654,19609902669.38722,2012.9562841530055,351
East Lake Bonney,2013-11-24,-3.7643999999999997,72222227822742500,3859337750823720,3558357.292,63697866.628620006,65.34615384615384,3.379546513014079,2.9707390710382513,19211924059.906567,2013.8958904109588,328
East Lake Bonney,2013-12-13,-3.715,72984301993714980,3870275047705620,3568260.154,64374639.51222,65.49230769230769,3.399862013946698,2.967647418478261,19369110984.952404,2013.9479452054795,347
East Lake Bonney,2014-11-19,-3.756666666666667,73400474164305550,3875733286293420,3573213.133,64713803.01252,65.60107238605897,3.3670160461629304,2.9581673441734417,19457205123.289276,2014.8821917808218,323
East Lake Bonney,2014-12-20,-3.65,73808344316424320,3773634226985880,3573213.133,65053453.908420004,65.60938337801608,3.422577413571837,2.998806081081081,19599925188.52036,2014.9671232876713,354
East Lake Bonney,2015-11-21,-3.885357142857143,73382771118271392,3983294987347500,3578233.568,64713803.01252,65.69946380697051,3.467589043312779,2.9808089430894307,19394898296.06447,2015.8876712328768,325
East Lake Bonney,2015-12-17,-3.6950000000000003,74175603345056400,3886660017596340,3583308.442,65393607.475320004,65.77619047619048,3.4750404917014555,2.9904871967654985,19615655326.681496,2015.958904109589,351
East Lake Bonney,2016-11-19,-4.040882352941177,73023359522629820,4192961787304200,3583308.442,64374639.51222,65.8025974025974,3.445259504822112,2.9842126358695653,19208616520.019245,2016.8825136612022,324
East Lake Bonney,2016-12-21,-3.895,73814947291905890,3988910179806480,3583308.442,65053453.908420004,65.84415584415585,3.4214300314602077,2.981335810810811,19486471299.447075,2016.9699453551912,356
East Lake Bonney,2017-11-22,-3.9700867052023123,73384900873290240,4091009239114020,3583308.442,64713803.01252,65.8,3.3791980087272515,2.9191565040650405,19337964553.087788,2017.890410958904,326
East Lake Bonney,2017-12-18,-3.99,73401528553727540,4091009239114020,3583308.442,64713803.01252,65.8,3.4054631106945106,2.940330623306233,19342604868.234093,2017.9616438356165,352
East Lake Bonney,2018-11-20,-4.18,72565546817321890,4294762468376400,3583308.442,64035981.22522,65.8,3.3460091580184037,2.8753893051771118,19052444257.58688,2018.8849315068494,324
East Lake Bonney,2018-12-22,-3.9793750000000006,73374094353612880,4198881941709660,3588579.594,64713803.01252,65.83870967741936,3.3082542334048384,2.876649864498645,19276488259.466824,2018.972602739726,356
East Lake Bonney,2019-11-25,-3.8405333333333336,73715195165853230,3881195928039960,3578233.568,65053453.908420004,65.74155844155844,3.252464241392082,2.844985135135135,19516333383.694107,2019.8986301369864,329
East Lake Bonney,2021-12-16,-3.720862068965517,74942400859366100,3897614949748380,3593813.726,66075403.253920004,65.96206896551725,3.1716636213987335,2.8276099195710453,19768633358.93935,2021.9561643835616,350
East Lake Bonney,2023-11-22,-3.3,76571883691276340,3377954872304820,3588579.594,67444764.65392001,65.9,3.2228411711422096,2.893633554376658,20396350952.156567,2023.890410958904,326
Lake Fryxell,1995-10-15,-4.1452028639618135,30437796226144756,7300962726382980,7028637.373,26357788.38038,17.36379781420765,2.096386366104246,2.3710555555555555,3291795019.70613,1995.786301369863,288
Lake Fryxell,1995-12-28,-4.113589498806682,30452797516821808,7513377223855860,7066350.548,26357788.38038,17.353688524590165,2.221811743913544,2.4460925925925925,3246289599.864038,1995.9890410958903,362
Lake Fryxell,1996-11-09,-3.89,31653454527243808,6980922426348900,7028637.373,27422460.037180003,17.310382513661203,1.9519422791092966,2.242518181818182,3510286673.156969,1996.8551912568305,314
Lake Fryxell,1996-11-20,-4.065,30431646632806196,7300962726382980,7028637.373,26357788.38038,17.308879781420764,2.0463121464915766,2.3084907407407407,3290920085.7733903,1996.8852459016393,325
Lake Fryxell,1997-11-19,-3.631,32239395294345296,6607801605701880,6990987.794,27960849.861580003,17.2,1.6690434747171579,2.0406396396396396,3666376547.051287,1997.8821917808218,323
Lake Fryxell,1998-10-29,-4.322617502458211,27994582269307784,7711419106114021,6990987.794,24289467.62468,17.2,1.6285902076495615,1.950466346153846,2901330078.2189527,1998.8246575342466,302
Lake Fryxell,1998-11-24,-4.34907677356657,27992702781270636,7711419106114021,6990987.794,24289467.62468,17.2,1.5899468072717693,1.9120576923076924,2901061233.8020363,1998.8958904109588,328
Lake Fryxell,1998-12-21,-4.400767735665696,27423300322242968,7862022105292801,6990987.794,23788459.64338,17.2,1.704268351448749,1.9891601941747572,2798070715.234061,1998.9698630136986,355
Lake Fryxell,1999-10-31,-4.988833333333333,24730753462123076,8563847209323841,6990987.794,21453712.124980003,17.2,1.7637994879711594,1.972530612244898,2312535328.2227798,1999.8301369863013,304
Lake Fryxell,1999-12-24,-4.665,25752730787833924,6849471388317480,6676357.038,22349653.96708,17.143243243243244,1.531689625335948,1.795225,2831373351.054214,1999.978082191781,358
Lake Fryxell,2000-12-04,-4.515162138475022,25216472124784968,7392299951944441,6782791.756,21895353.04848,16.899186991869918,1.425379338498735,1.6921464646464646,2627851895.507984,2000.9234972677596,339
Lake Fryxell,2001-10-26,-5.07925925925926,22396558247799076,7923458468343961,6732368.174,19450079.47368,16.810840108401084,1.4960007679893075,1.717032258064516,2149778414.577705,2001.8164383561643,299
Lake Fryxell,2001-11-25,-4.91375,22823515978431776,6819392407802220,6367124.42,19822866.35608,16.80271002710027,1.4332548267711247,1.6684414893617021,2513555965.760373,2001.8986301369864,329
Lake Fryxell,2001-12-20,-4.901460036330609,23734340588505720,7171754425212240,6611160.227,20609885.73868,16.925,1.499453689399899,1.7189322916666667,2505246521.7303042,2001.9671232876713,354
Lake Fryxell,2002-10-31,-4.746606494096276,26267456762091664,8365367210982481,7028637.373,22816855.29788,17.303367003367004,1.1306230691213088,1.3988341584158417,2547021364.3228717,2002.8301369863013,304
Lake Fryxell,2002-11-30,-4.735855327468231,26818697479830156,6564756786739560,6676357.038,23296808.330280002,17.374074074074073,1.0779029789476378,1.3569754901960784,3033681478.9578657,2002.9123287671232,334
Lake Fryxell,2003-11-04,-5.021153846153846,24714842807382244,8987542546229101,7066350.548,21453712.124980003,17.313402061855673,1.492268060883559,1.6609183673469388,2225660919.922019,2003.841095890411,308
Lake Fryxell,2003-11-30,-5.050963855421687,24718642581549228,8563847209323841,6990987.794,21453712.124980003,17.32,1.548216612780182,1.7007295918367347,2310802972.0907545,2003.9123287671232,334
Lake Fryxell,2004-10-30,-5.347625329815303,23283775872712648,9149243044654980,7028637.373,20209151.26038,17.3072131147541,1.5375834633422472,1.685409649122807,2010991900.415072,2004.827868852459,304
Lake Fryxell,2004-12-02,-5.321503957783641,23748057957412820,8607352327957981,6952365.211,20609885.73868,17.326190476190476,1.5739975840683393,1.7146458333333334,2177777658.385852,2004.9180327868853,337
Lake Fryxell,2004-12-29,-5.300131926121372,23752314232805384,9028782260478e3,7028637.373,20609885.73868,17.39047619047619,1.602968008682655,1.7372489583333333,2094791805.4339755,2004.9918032786886,364
Lake Fryxell,2005-11-12,-5.23,24220052843854656,9544749479697060,7143353.943,21024877.04868,17.4,1.4451382321645527,1.62499852724595,2054399583.3411548,2005.86301369863,316
Lake Fryxell,2005-12-07,-5.211944444444445,24719916301789432,9415841655761280,7143353.943,21453712.124980003,17.43125,1.5239623632185413,1.6871938775510205,2142421440.705049,2005.9315068493152,341
Lake Fryxell,2005-12-26,-5.198222222222222,24727175819260552,9631731393110700,7181960.657,21453712.124980003,17.4609375,1.5678571760960174,1.7177244897959183,2101855627.8830159,2005.9835616438356,360
Lake Fryxell,2006-11-11,-4.877692307692308,26306982565875708,8365367210982481,7028637.373,22816855.29788,17.401993355481725,1.6907862823670685,1.8258985148514852,2552644901.530223,2006.8602739726027,315
Lake Fryxell,2006-12-11,-4.638290598290598,27428361184739224,8285717442198061,7066350.548,23788459.64338,17.436363636363634,1.7064768014022969,1.8479660194174758,2708985863.7085495,2006.9424657534246,345
Lake Fryxell,2007-11-12,-4.377692307692308,29193775846289784,7827622077693061,7066350.548,25312396.318380002,17.400675675675675,1.7352777997295832,1.9032971698113208,3023647584.911283,2007.86301369863,316
Lake Fryxell,2007-12-06,-4.109999999999999,31033271224853996,7354033821622800,7066350.548,26887872.88548,17.444,1.9434171766230464,2.0451192660550457,3350985383.8107657,2007.9287671232876,340
Lake Fryxell,2007-12-28,-3.6975,33528841514825772,6918312688392060,7104786.76,29047856.329380002,17.488,1.9064016068206355,2.0512013274336285,3745436664.7921343,2007.9890410958903,362
Lake Fryxell,2008-11-13,-4.078225806451613,31050999992974068,7354033821622800,7066350.548,26887872.88548,17.424999999999997,2.1075559891759683,2.197105504587156,3353494283.9848576,2008.8661202185792,318
Lake Fryxell,2008-12-14,-3.9427777777777777,32935328109872820,7296912948193380,7143353.943,28502709.821480002,17.58,2.2685496484442376,2.3279486607142856,3589128491.4984984,2008.950819672131,349
Lake Fryxell,2008-12-30,-3.645,35487097140215276,6635828169977940,7143353.943,30701927.31388,17.66,2.3008833137144378,2.3735043103448277,4038896742.4062214,2008.9945355191257,365
Lake Fryxell,2009-11-07,-3.7166666666666663,34829979977764004,7018365268099980,7181960.657,30147544.87618,17.702405498281788,2.1590112646314408,2.292045652173913,3872426491.5816603,2009.849315068493,311
Lake Fryxell,2009-12-08,-3.64,35487731604282036,6851717907327360,7181960.657,30701927.31388,17.7,2.293559446598135,2.389769396551724,3987213946.7993574,2009.9342465753425,342
Lake Fryxell,2009-12-30,-3.2300000000000004,38095820366593600,6176058927899940,7181960.657,32949628.50958,17.7,2.329550407993971,2.4381229166666665,4444435574.508838,2009.9945205479453,364
Lake Fryxell,2010-11-10,-3.8328571428571427,34830405550488220,7235401117408020,7220088.134,30147544.87618,17.807042253521125,2.156577254768502,2.324858695652174,3821976120.088204,2010.8575342465754,314
Lake Fryxell,2010-12-08,-3.711515151515152,36774154829302816,6950933613659340,7257795.826,31819656.806580003,17.964788732394368,2.230441275846789,2.3848855932203388,4109129263.295905,2010.9342465753425,342
Lake Fryxell,2011-11-08,-3.85,36110122194367590,7338719580545340,7296783.197,31259295.31628,18.03191489361702,2.08272539546705,2.2922264957264957,3943025554.8296037,2011.8520547945207,312
Lake Fryxell,2011-12-09,-3.835178571428571,36774793121004280,7390827769125780,7337087.577,31819656.806580003,18.097872340425532,2.2454717521058094,2.3962182203389832,4004854111.867241,2011.9369863013699,343
Lake Fryxell,2012-11-09,-3.9439655172413794,36105841426920750,7559272433109960,7337087.577,31259295.31628,18.10952380952381,2.041416989432436,2.285241452991453,3890722128.39566,2012.8551912568305,314
Lake Fryxell,2012-12-06,-3.8506666666666667,36774858667289350,7612572492634320,7376737.309,31819656.806580003,18.141666666666666,2.2433641984358967,2.405552966101695,3953277031.984796,2012.9289617486338,341
Lake Fryxell,2013-11-16,-4.2852,35454611904534960,8171504776074601,7416593.411,30701927.31388,18.29641693811075,2.015565962649318,2.2548297413793104,3678657520.580153,2013.8739726027397,320
Lake Fryxell,2013-12-09,-4.115,36738616120707730,7835515290568981,7416593.411,31819656.806580003,18.342105263157894,1.94467387709552,2.214451271186441,3897085795.1132665,2013.9369863013699,343
Lake Fryxell,2014-11-09,-4.28,36104209380258170,8228128344559381,7457364.937,31259295.31628,18.39859943977591,2.0523800790186195,2.271299145299145,3738060463.8765297,2014.854794520548,313
Lake Fryxell,2014-12-12,-4.115,36760852521365216,8059683680575201,7457364.937,31819656.806580003,18.389355742296917,2.1256330378263693,2.3270847457627117,3848701127.443566,2014.945205479452,346
Lake Fryxell,2015-11-08,-4.165027397260275,36100379250149376,8003959954553161,7416593.411,31259295.31628,18.315,2.0274362286268297,2.2676474358974357,3788318671.2008114,2015.8520547945207,312
Lake Fryxell,2015-12-07,-4.175753424657534,36113259751558680,8003959954553161,7416593.411,31259295.31628,18.35125,2.1353582650836107,2.3294508547008546,3790055385.17386,2015.9315068493152,341
Lake Fryxell,2016-11-06,-4.64171052631579,34182722181265672,8953470047970541,7498621.32,29596177.72968,18.4993288590604,2.05898848883389,2.2890241228070174,3364518763.736576,2016.8469945355191,311
Lake Fryxell,2016-12-11,-4.545,34818516203650212,8787729083732641,7498621.32,30147544.87618,18.5,2.0448411951216414,2.283254347826087,3471409744.4138665,2016.9426229508197,346
Lake Fryxell,2017-11-08,-5.03,31042594801233064,9542177927257860,7457364.937,26887872.88548,18.409150326797384,1.998998289661317,2.2193348623853213,2883111803.6479707,2017.8520547945207,312
Lake Fryxell,2017-12-07,-4.86,32284500921584252,9219641048242200,7457364.937,27960849.861580003,18.4,2.0156300935886176,2.237527027027027,3092896762.8907194,2017.9315068493152,341
Lake Fryxell,2018-11-09,-5.076875,30410020731618256,9477352939484700,7416593.411,26357788.38038,18.304290429042904,1.8205582302596368,2.0708094907407406,2822410051.640022,2018.854794520548,313
Lake Fryxell,2018-12-08,-4.95,31026859218848580,9318009537251640,7416593.411,26887872.88548,18.323529411764707,1.8502659719259507,2.0892366972477063,2927064823.2380147,2018.9342465753425,342
Lake Fryxell,2019-12-07,-4.71,32246182924123296,8995472658235981,7416593.411,27960849.861580003,18.3,1.6158348294806026,1.928641891891892,3134958191.371631,2019.9315068493152,341
Lake Fryxell,2021-12-20,-4.237848837209302,34797630223709016,8115209338912561,7376737.309,30147544.87618,18.235185185185184,1.8478256181257937,2.067713043478261,3617103302.8711114,2021.9671232876713,354
Lake Fryxell,2022-11-10,-3.538,39353721807621630,6929434438063200,7376737.309,34092238.49178,18.2,1.8328920138221194,2.084424180327869,4395478110.627462,2022.8575342465754,314
Lake Fryxell,2022-12-09,-3.35,40695024284778960,6582098676690360,7376737.309,35247713.41318,18.2,1.8605721881679849,2.1389556451612903,4624392082.725932,2022.9369863013699,343
Lake Fryxell,2023-11-05,-3.416,39392179145868290,6707689714554660,7337087.577,34092238.49178,18.1,2.109396453200816,2.3921331967213115,4454695284.512021,2023.8438356164384,309
Lake Fryxell,2023-11-13,-3.44,39392170399276270,6707689714554660,7337087.577,34092238.49178,18.1,2.1003850988703823,2.394688524590164,4454694092.405218,2023.8657534246574,317
Lake Hoare,1995-11-07,-4.062247706422018,15221413435827150,2160399044421360,2139289.124,13237273.44221,74,0.34975969555354147,0.3328583333333333,6105305844.300544,1995.849315068493,311
Lake Hoare,1995-11-23,-4.074724770642201,15221965141971594,2225965829698260,2181197.115,13237273.44221,74,0.3633096539644085,0.33845,5958195718.718128,1995.8931506849315,327
Lake Hoare,1995-12-25,-4.099678899082568,15223832942298582,2225965829698260,2181197.115,13237273.44221,74,0.3987752931423706,0.3700875,5959052037.623991,1995.9808219178083,359
Lake Hoare,1996-11-07,-4.347660550458715,14456417213730334,2359632250591560,2139289.124,12574488.325210001,73.91059190031153,0.29424999373313804,0.28324568965517244,5654581621.263258,1996.8497267759562,312
Lake Hoare,1996-12-04,-4.216622340425532,14647196145192500,2310213512265300,2139289.124,12738888.65231,73.90218068535826,0.32984393658747463,0.31073076923076925,5766860820.504597,1996.9234972677596,339
Lake Hoare,1997-12-27,-4.46619937694704,14266932014945876,2408758817200740,2139289.124,12411059.95991,73.9,0.26950488482316265,0.25523913043478264,5543043745.098354,1997.986301369863,361
Lake Hoare,1998-11-04,-4.843703703703704,13521781404457016,2601733879345500,2139289.124,11769093.68531,73.9,0.12204380136611866,0.12746396396396398,5104521592.05738,1998.841095890411,308
Lake Hoare,1998-12-02,-4.803732394366198,13522780782145898,2601733879345500,2139289.124,11769093.68531,73.9,0.14348098817274568,0.14313513513513512,5104988746.159025,1998.9178082191781,336
Lake Hoare,1998-12-27,-4.784894366197183,13706739903135984,2554083998422740,2139289.124,11927609.58991,73.9,0.18151735254540777,0.17456696428571428,5213253215.563603,1998.986301369863,361
Lake Hoare,2000-11-12,-4.725788732394366,13346348884882130,2521578438144900,2061061.132,11611999.79701,73.71035598705502,0.23463388707997612,0.22014090909090908,5252037544.48232,2000.863387978142,317
Lake Hoare,2000-12-09,-4.747084507042254,13348644893686712,2521578438144900,2061061.132,11611999.79701,73.69694444444444,0.2840968633158179,0.26292727272727273,5253151538.031048,2000.9371584699454,344
Lake Hoare,2001-11-03,-5.032857142857144,12638481820150824,2462649500925720,1980950.632,10997475.87741,73.60555555555555,0.20594751095471595,0.19900471698113206,5136842965.617683,2001.8383561643836,307
Lake Hoare,2001-11-30,-5.39052027027027,12127273148713192,2596932274433760,1980950.632,10550760.06401,73.6,0.2579809885079355,0.24476699029126214,4810993631.202936,2001.9123287671232,334
Lake Hoare,2001-12-22,-5.291966216216216,12469964392182400,2507808853734480,1980950.632,10847245.16281,73.775,0.30229865386891197,0.28343809523809527,5028977187.780781,2001.972602739726,356
Lake Hoare,2002-11-06,-3.8629324324324323,15804936773248714,1819053791380980,2034370.327,13742968.357010001,74.09919571045576,0.3704530627211688,0.3623780487804878,6874796980.78969,2002.8465753424657,310
Lake Hoare,2003-11-11,-3.7709890109890107,15806477493014204,2073953938309380,2181197.115,13742968.357010001,74,0.4165918388270494,0.39553252032520325,6295865449.420797,2003.8602739726027,315
Lake Hoare,2004-11-04,-3.41,16393671088716064,1919740694894280,2181197.115,14255986.465510001,74.0031141868512,0.3659679844533145,0.34832142857142856,6635773674.137554,2004.8415300546449,309
Lake Hoare,2004-12-07,-3.421848404255319,16596864354032376,1867838591451420,2181197.115,14428648.15361,74.03066666666666,0.4368981766070421,0.42595669291338584,6752725675.863987,2004.931693989071,342
Lake Hoare,2004-12-30,-3.4301063829787237,16600002785624166,1867838591451420,2181197.115,14428648.15361,74.06133333333332,0.49223761665887455,0.4684744094488189,6754164533.255741,2004.9945355191257,365
Lake Hoare,2005-11-17,-3.48,16396358492615612,2189378131129800,2266839.043,14255986.465510001,74.01518987341773,0.40288230607815023,0.3911042328042328,6267308834.898081,2005.876712328767,321
Lake Hoare,2005-12-11,-3.4595820895522387,16597526517943356,2274709508590500,2287540.975,14428648.15361,74.07594936708861,0.4517027300590733,0.4404488188976378,6261228614.430767,2005.9424657534246,345
Lake Hoare,2005-12-27,-3.456238805970149,16601695843415582,2205946026882e3,2277777.751,14428648.15361,74.11645569620254,0.518034375448596,0.5023251968503937,6320085359.606966,2005.986301369863,361
Lake Hoare,2006-11-17,-3.3193406593406594,16993700970827894,1897067396018700,2236083.63,14776376.724510001,74.2,0.38845737944886743,0.3762403100775194,6751372521.2545805,2006.876712328767,321
Lake Hoare,2006-12-15,-3.31010989010989,16996919831966416,1897067396018700,2236083.63,14776376.724510001,74.2,0.4421473271769646,0.4215452196382429,6752812029.64118,2006.9534246575342,349
Lake Hoare,2007-11-17,-3.215,17199850848781292,1844455999731660,2236083.63,14951398.002910001,74.21475409836066,0.46577057392668425,0.43934153846153845,6867093271.037288,2007.876712328767,321
Lake Hoare,2007-12-11,-3.035,17814581855480826,1753011284359680,2253501.052,15480955.41141,74.25409836065573,0.5517273698253085,0.5141703007518797,7127385432.931737,2007.9424657534246,345
Lake Hoare,2008-11-18,-3.3096774193548386,17206725733398660,1844455999731660,2236083.63,14951398.002910001,74.26521739130435,0.5831134669250264,0.5473346153846154,6870167791.383992,2008.879781420765,323
Lake Hoare,2008-12-17,-3.0149999999999997,18027718919565260,1699509251995920,2253501.052,15658939.551010001,74.35978260869565,0.6872788176677994,0.6396268656716418,7245707586.015069,2008.9590163934427,352
Lake Hoare,2008-12-31,-2.72,18654871265517220,1605917529741060,2266839.043,16196973.16341,74.4054347826087,0.8013017904782659,0.7300894160583942,7521025274.566069,2008.9972677595629,366
Lake Hoare,2009-11-13,-3.22,18017798033498968,1904883914532060,2287540.975,15658939.551010001,74.59599999999999,0.5269430835892615,0.5033563432835821,7043770710.584498,2009.8657534246574,317
Lake Hoare,2009-12-11,-3.045,18434608020134992,1797265218245040,2287540.975,16016952.512710001,74.59526627218935,0.6011743303813109,0.5723511029411764,7273025044.672676,2009.9424657534246,345
Lake Hoare,2010-11-15,-3.4070689655172415,17604766968498010,2011669648339320,2287540.975,15303697.58891,74.53777777777778,0.459183278213702,0.4375719696969697,6816532464.586209,2010.8712328767124,319
Lake Hoare,2010-12-12,-3.3,17813864227655698,1958385946895820,2287540.975,15480955.41141,74.59777777777778,0.5420622632638659,0.5145018796992481,6931232469.293748,2010.945205479452,346
Lake Hoare,2011-11-13,-3.3925806451612903,18012414501911892,1973923072232040,2296711.833,15658939.551010001,74.7247191011236,0.43772393219906897,0.4134832089552239,6983240648.31857,2011.8657534246574,317
Lake Hoare,2011-12-12,-3.285,18425362055686404,1935611594656920,2305629.365,16016952.512710001,74.78988764044944,0.455806908718321,0.43215992647058826,7151951962.161742,2011.945205479452,346
Lake Hoare,2012-12-08,-3.4153333333333333,18219890753299928,1989522403912620.2,2305629.365,15837608.50321,74.84747474747475,0.46909018552630866,0.43991296296296295,7039452479.122683,2012.9344262295083,343
Lake Hoare,2013-12-11,-3.204395280235988,18833835493491168,1966580038848780.2,2323001.581,16377664.39891,74.95652173913044,0.3466491014633692,0.34170108695652174,7260974591.063952,2013.9424657534246,345
Lake Hoare,2014-12-14,-2.8982500000000004,19912884513358320,1762172356582980,2331491.173,17290812.45921,75.14651162790697,0.7674614276899399,0.6938986013986014,7785022893.061298,2014.9506849315069,348
Lake Hoare,2015-12-13,-3.215875370919881,19270572514694568,1997773456529520.2,2339743.965,16741017.39481,75.19397590361446,0.6299724510853317,0.6130482142857143,7382345810.715682,2015.9479452054795,347
Lake Hoare,2016-12-15,-3.5073809523809523,18637871995704480,2161313152488360.2,2339743.965,16196973.16341,75.2,0.5324067966027289,0.5169069343065693,7042034978.906815,2016.9535519125684,350
Lake Hoare,2017-12-09,-3.915,17806064512473618,2306215385151660,2331491.173,15480955.41141,75.11666666666666,0.40951612941060483,0.3952218045112782,6648041093.536646,2017.9369863013699,343
Lake Hoare,2018-11-15,-4.3,16988191646653472,2518011738433800,2331491.173,14776376.724510001,75.10877742946708,0.2863665972547638,0.2840343023255814,6206405615.33864,2018.8712328767124,319
Lake Hoare,2018-12-14,-4.125,17191855066908776,2465400342146760,2331491.173,14951398.002910001,75.10217391304347,0.3266178194707755,0.31763346153846156,6316324460.200741,2018.9506849315069,348
Lake Hoare,2019-11-16,-4.156034482758621,17190627610993250,2465400342146760,2331491.173,14951398.002910001,75.10101694915254,0.30790493289480236,0.2945846153846154,6315797992.020315,2019.8739726027397,320
Lake Hoare,2019-12-13,-4.035,17396077442683764,2412561151720800,2331491.173,15127177.079510001,75.13380281690141,0.3568904973090694,0.34366030534351144,6426580749.89974,2019.9479452054795,347
Lake Hoare,2021-12-23,-2.89,20327616950646668,1791917001631980,2347873.774,17660623.31811,75.33225806451614,0.6026353007394348,0.5721827586206897,7894674813.559499,2021.9753424657533,357
Lake Hoare,2022-11-18,-3.0525,19691033368137528,1887784599282300.2,2339743.965,17106915.12351,75.20151515151515,0.6144743080156945,0.5904401408450705,7609058527.416793,2022.8794520547945,322
Lake Hoare,2022-12-22,-2.585,20761581940328900,1609230245297760,2339743.965,18033576.31441,75.2530303030303,0.665882749798831,0.6464676870748299,8185661329.414367,2022.972602739726,356
West Lake Bonney,1993-12-09,-3.2,19505342780852748,951785829364500.1,1035332.452,17517908.5842974,62.35290322580645,0.7138457279420376,-0.6860014619883041,17920385781.05755,1993.9369863013699,343
West Lake Bonney,1995-10-18,-3.549731420161884,19011168746216324,1033590174810138.1,1032117.89,17135779.977313,62.3,0.30632732503015514,-0.9143610271903323,17418144521.655552,1995.7945205479452,291
West Lake Bonney,1996-11-06,-3.6021412803532007,18925054341201236,1061624682486288.1,1032117.89,17048976.6261174,62.3,0.3050720763355372,-0.9554302670623145,17307547744.10019,1996.8469945355191,311
West Lake Bonney,1996-11-25,-3.6047277409860192,18940102770366172,1061624682486288.1,1032117.89,17048976.6261174,62.3,0.40845979940628646,-0.8764347181008902,17322127889.75093,1996.8989071038252,330
West Lake Bonney,1997-11-10,-3.7225675675675673,18823274684651820,1089580349338524.1,1032117.89,16955977.0690574,62.3,0.2195009138036834,-0.9898809523809524,17181849580.490555,1997.8575342465754,314
West Lake Bonney,1997-12-03,-3.6967499999999998,18929734289076020,1061624682486288.1,1032117.89,17048976.6261174,62.3,0.2649775972058142,-0.9530600890207716,17312082059.336975,1997.9205479452055,337
West Lake Bonney,1997-12-07,-3.5980676470588233,19033314426835832,1033590174810138.1,1032117.89,17142238.461367402,62.3,0.2631858686628107,-0.9595458579881657,17439601063.426674,1997.9315068493152,341
West Lake Bonney,1997-12-23,-3.61515,18931014144776408,1061624682486288.1,1032117.89,17048976.6261174,62.3,0.3305174760303924,-0.9148093471810089,17313322087.935246,1997.9753424657533,357
West Lake Bonney,1998-11-12,-3.9568312757201647,18380989955167184,1138660310719296,1025903.888,16586601.6227374,62.108333333333334,0.08097708669960758,-1.0953237951807229,16806963933.104704,1998.86301369863,316
West Lake Bonney,1998-12-10,-3.8746879174256224,18487631540258200,1111020007165722.1,1025903.888,16678552.067027401,62.1241935483871,0.16921128232446836,-1.0317897897897899,16937855228.29842,1998.9397260273972,344
West Lake Bonney,1999-11-12,-3.9157131147540984,18408777472419708,1138660310719296,1025903.888,16586601.6227374,62.1,0.135969387011468,-1.017328313253012,16834049820.56215,1999.86301369863,316
West Lake Bonney,1999-12-31,-3.92175,18417373414498348,954980732404476.1,1007907.255,16586601.6227374,62.1,0.23687527020274787,-0.9426957831325301,17325396355.137726,1999.9972602739726,365
West Lake Bonney,2000-10-31,-3.959875,18165763687619280,1132122034466694,1019905.011,16403471.5417074,61.918412698412695,-0.0028124377250047954,-1.1369742424242424,16701204003.7448,2000.8306010928961,305
West Lake Bonney,2000-11-30,-3.92,18189078170706936,1070895508341714.1,1013906.133,16403471.5417074,61.899731903485254,0.14237204818114593,-1.020510606060606,16883399858.441551,2000.9125683060108,335
West Lake Bonney,2001-11-10,-4.059299191374663,17952156559958056,1004277223648584.1,1001908.378,16221326.4653574,61.80723860589812,-0.051078433369943,-1.1696204268292683,16915597981.26518,2001.8575342465754,314
West Lake Bonney,2001-12-05,-4.050539083557951,17954910853677942,1156216499786844,1016905.572,16221326.4653574,61.80053619302949,0.029931915110226297,-1.1132606707317074,16519424041.361332,2001.9260273972602,339
West Lake Bonney,2001-12-29,-4.042129380053908,18362914163070460,1169589144728916,1028903.327,16569854.928677,62.24,0.009987723700193785,-0.9869984375,16710340580.268667,2001.9917808219177,363
West Lake Bonney,2003-11-19,-3.7919047619047617,19217186608474480,1102352789594250.1,1044976.141,17329548.9664474,62.7,-0.1810992543145737,-1.231970588235294,17335164993.8582,2003.8821917808218,323
West Lake Bonney,2003-12-13,-3.640833333333333,19452014569147372,1077240501000720.1,1048190.703,17517908.5842974,62.80140845070423,-0.0812874313947347,-1.1474912280701755,17529991456.284317,2003.9479452054795,347
West Lake Bonney,2004-11-13,-3.66,19459860260583836,1077240501000720.1,1048190.703,17517908.5842974,62.80406779661017,-0.16593158213553832,-1.1827897660818714,17537476441.0433,2004.8661202185792,318
West Lake Bonney,2004-12-13,-3.2148387096774194,20023401438410312,965868709101894.1,1051405.266,17993547.420607403,62.8986301369863,-0.07196615803446789,-1.094391450528338,18125772568.94623,2004.948087431694,348
West Lake Bonney,2005-11-23,-3.5837300275482096,19913964591506360,1058128180372152.1,1057834.391,17897875.107177403,63.104285714285716,-0.09610839886895363,NA,17824941759.84321,2005.8931506849315,327
West Lake Bonney,2005-12-18,-3.5803553719008265,20027219484608948,1190075838422094,1077430.826,17993547.420607403,63.21142857142857,-0.04570160066204305,NA,17483390294.410286,2005.9616438356165,352
West Lake Bonney,2005-12-29,-3.578870523415978,20007450729783344,1157688267792534,1073335.358,17993547.420607403,63.25857142857143,-0.07625325773255516,NA,17561857364.98472,2005.9917808219177,363
West Lake Bonney,2006-11-22,-3.5035000000000003,20305500766841456,1070919903814272.1,1073335.358,18282197.9993774,63.481944444444444,-0.22867847263695587,-1.2406622448979592,17920383149.277733,2006.890410958904,326
West Lake Bonney,2006-12-18,-3.43,20422396442865356,1041833425245822.1,1073335.358,18378959.405127402,63.48916666666667,-0.12274959323511951,-1.1670676638176638,18056391111.2854,2006.9616438356165,352
West Lake Bonney,2007-11-26,-3.2986363636363634,20433457095958512,945409371965622.1,1061048.954,18378959.405127402,63.36,-0.1651846999179751,-1.1963165954415955,18366775303.369167,2007.9013698630138,330
West Lake Bonney,2007-12-16,-3.285,20550916073788452,980400640528044.1,1069239.89,18475993.0839574,63.42666666666666,-0.09121497599161414,-1.140169981060606,18303203627.448288,2007.9561643835616,350
West Lake Bonney,2008-11-26,-3.36,20330945100802984,1006514091859392.1,1065144.422,18282197.9993774,63.316718266253865,-0.008257926721435079,-1.0813914285714286,18142545376.765434,2008.9016393442623,331
West Lake Bonney,2008-12-23,-3.19,20681531318621152,951146428785840,1069239.89,18573312.484297402,63.43695652173913,0.10149601567773371,-0.9994745042492917,18452720548.83335,2008.9754098360656,358
West Lake Bonney,2009-11-22,-3.294074074074074,21114060452400932,995824104955182.1,1089717.23,18965447.3007274,63.9,0.041331779662184126,-1.0360539215686275,18461886986.44854,2009.890410958904,326
West Lake Bonney,2009-12-17,-3.0949999999999998,21351810256408316,936370914731820,1089717.23,19163229.037997402,63.928,0.1511975082478355,-0.9546566852367688,18734621037.12584,2009.958904109589,351
West Lake Bonney,2010-11-22,-3.3942592592592593,21121469773501104,1061707234127022.1,1097908.166,18965447.3007274,64.05555555555556,0.17465345815114816,-0.9520609243697479,18270892922.18096,2010.890410958904,326
West Lake Bonney,2010-12-17,-3.26,21577678978269668,1008914730079446,1108822.312,19362153.6612874,64.33333333333333,0.2644306596101495,-0.888224376731302,18550099529.554043,2010.958904109589,351
West Lake Bonney,2011-11-21,-3.345,21936801561594964,1019786045438700,1129278.347,19662726.174697403,64.64698795180722,0.21105364335591356,-0.8997918956043955,18522462218.21542,2011.8876712328768,325
West Lake Bonney,2011-11-26,-3.324074074074074,21938847016675716,1053937122010200,1136097.025,19662726.174697403,64.66506024096385,0.2274818566883196,-0.884628434065934,18383033697.905792,2011.9013698630138,330
West Lake Bonney,2011-12-21,-3.1565789473684207,22165760861631080,1027607620735440,1142915.703,19864607.5695974,64.75542168674698,0.28082150183656435,-0.8630607923497268,18494936402.93053,2011.9698630136986,355
West Lake Bonney,2012-11-21,-3.2954999999999997,22412326986431568,1070910298135260,1165065.762,20067688.7400974,65.04941176470588,0.36808237544622147,-0.7806039402173913,18317778604.755108,2012.8879781420765,326
West Lake Bonney,2012-12-18,-3.075,22778519836367264,1013942543552280,1173578.465,20374560.0748974,65.14470588235294,0.4702403339748995,-0.696895552560647,18545481143.27829,2012.9617486338798,353
West Lake Bonney,2013-11-21,-3.3944,22644520252965964,1080418032348660,1185522.885,20271969.686097402,65.32307692307693,0.25884852311807355,-0.8600385135135136,18189528429.573338,2013.8876712328768,325
West Lake Bonney,2013-12-14,-3.215,22986839016198980,1059975847274040,1209411.724,20580662.1965974,65.5,0.2432823397676562,-0.8874121983914209,18130189028.103832,2013.9506849315069,348
West Lake Bonney,2014-11-22,-3.1783333333333337,23240964071896932,1034348996184660,1221356.144,20788050.1432974,65.60187667560321,0.2916797733708318,-0.8290682222222222,18181932587.64355,2014.890410958904,326
West Lake Bonney,2014-12-23,-3.075,23368247170984520,1003033643149980,1221356.144,20892226.3010974,65.61018766756031,0.4006207863756771,-0.7612340425531915,18311786973.60738,2014.9753424657533,357
West Lake Bonney,2015-11-24,-3.225,23247701883827132,1071422011138500,1233300.564,20788050.1432974,65.7031746031746,0.4061926032565059,-0.7713573333333333,17981245221.167866,2015.8958904109588,328
West Lake Bonney,2015-12-20,-3.02,23608929566870556,1014618126962160,1245244.983,21101542.9854974,65.78571428571429,0.48778439130191886,-0.7155489417989418,18144470966.247128,2015.9671232876713,354
West Lake Bonney,2016-11-23,-3.496363636363636,23126394459240608,1140072798598380,1245244.983,20684195.4417974,65.8077922077922,0.363739038397666,-0.8097332887700535,17656221836.504463,2016.8934426229507,328
West Lake Bonney,2016-12-23,-3.3600000000000003,23252490883176580,1108854075327480,1245244.983,20788050.1432974,65.84675324675325,0.42177597365302316,-0.760512,17782554525.537167,2016.9754098360656,358
West Lake Bonney,2017-11-25,-3.5294594594594595,23000168307297360,1171194892105500,1245244.983,20580662.1965974,65.8,0.2618630902285812,-0.8763505361930295,17529862567.767406,2017.8986301369864,329
West Lake Bonney,2017-12-21,-3.41,23122540072271904,1140072798598380,1245244.983,20684195.4417974,65.8,0.3118025806527868,-0.843639037433155,17653126552.426773,2017.9698630136986,355
West Lake Bonney,2018-11-23,-3.495980392156863,23103936699728300,1102640734409400,1233300.564,20684195.4417974,65.8,0.11429016880631487,-0.9966290106951872,17839362607.571873,2018.8931506849315,327
West Lake Bonney,2018-12-22,-3.2646666666666664,23352952849327408,1077538722292800,1245244.983,20892226.3010974,65.83870967741936,0.1875243103570075,-0.9300640292553192,17888378938.39128,2018.972602739726,356
West Lake Bonney,2019-11-24,-3.3769135802469132,23131755098009668,1140072798598380,1245244.983,20684195.4417974,65.73896103896104,0.18883855446713546,-0.8739792780748663,17660526723.367886,2019.8958904109588,328
West Lake Bonney,2019-12-18,-3.2724,23367796940249832,1077538722292800,1245244.983,20892226.3010974,65.8012987012987,0.21825485798189354,-0.8513417553191489,17900299557.325768,2019.9616438356165,352
West Lake Bonney,2021-12-11,-3.1530645161290325,23580541387759324,1052409240416340,1257189.403,21101542.9854974,65.91034482758621,0.060281487552928004,-0.9820112433862433,17919441647.841335,2021.9424657534246,345
West Lake Bonney,2022-11-24,-2.9467391304347825,23969824132466744,995453786986560,1269133.823,21417928.9340974,66.00260586319219,0.1374347873828842,-0.9066312335958006,18102401755.531956,2022.8958904109588,328
West Lake Bonney,2022-12-17,-2.828071216617211,24206671851555936,931540414104000,1269133.823,21630548.271697402,66.03518518518518,0.1850573683674313,-0.8843191906005222,18339383141.199234,2022.958904109589,351
West Lake Bonney,2023-11-19,-2.91,23860722491422144,989102126060640,1257189.403,21312145.4949974,65.90066006600661,0.3681264796386315,-0.7415061842105263,18192660796.204235,2023.8821917808218,323
