location_name,date_time,ice.approx,ice.vol,Area_2D,vol,cum_vol,LL,tempV,tempUse
East Lake Bonney,1993-12-09,3.63,12182843.929399997,3420967.634,54608942.58508443,54608942.58508448,62.35290322580645,4.409567170162135,3.8406207951070335
East Lake Bonney,1995-10-20,3.646179245283019,12152113.466899997,3416159.716,54297576.28418442,54297576.284184486,62.3,4.324022642529261,3.9924485530546625
East Lake Bonney,1996-11-06,3.7732183908045975,12462435.799799997,3416159.716,53987253.95128444,53987253.95128448,62.3,4.271190285580158,3.8012750000000004
East Lake Bonney,1996-11-23,3.7800574712643678,12462435.799799997,3416159.716,53987253.95128443,53987253.95128448,62.3,4.285868184683221,3.7093221884498484
East Lake Bonney,1997-11-10,3.939636363636364,13080020.666199997,3416159.716,53369669.08488443,53369669.08488448,62.3,4.2119864406812475,3.90294435483871
East Lake Bonney,1997-12-01,3.7415000000000003,12462435.799799997,3416159.716,53987253.95128442,53987253.95128448,62.3,4.253421454253022,3.671734848484848
East Lake Bonney,1997-12-08,3.7615529411764705,12462435.799799997,3416159.716,53987253.95128442,53987253.95128448,62.3,4.2442376666791555,3.683086363636363
East Lake Bonney,1997-12-21,3.7731,12462435.799799997,3416159.716,53987253.95128443,53987253.95128448,62.3,4.2986409592497274,4.089992598684209
East Lake Bonney,1998-11-12,4.062769230769231,13316116.161699995,3406542.884,52450816.12758442,52450816.12758449,62.108333333333334,4.120416698147429,3.6694119496855344
East Lake Bonney,1998-12-10,4.085807065217391,13316116.161699995,3406542.884,52450816.12758443,52450816.12758449,62.1241935483871,4.197427118706884,3.855230582524272
East Lake Bonney,1999-11-09,4.206519021739131,13923703.951399997,3406542.884,51843228.33788442,51843228.33788449,62.1,3.860098532755187,3.4780227272727275
East Lake Bonney,2000-10-30,4.0760000000000005,13242896.096099997,3396508.959,51843228.33788442,51843228.33788449,61.91904761904762,3.668431110297961,3.575431666666667
East Lake Bonney,2000-11-28,4.300542857142857,13846417.995099997,3396508.959,51239706.43888444,51239706.4388845,61.90063492063492,3.6338475909698675,3.4299614147909967
East Lake Bonney,2001-11-10,4.488914285714286,14404302.463399995,3391635.003,50342171.07468444,50342171.07468449,61.80723860589812,3.615120424092445,3.366517973856209
East Lake Bonney,2001-12-05,4.412492795389049,14404302.463399995,3391635.003,50342171.07468443,50342171.07468449,61.80053619302949,3.668991967736401,3.2622309523809525
East Lake Bonney,2001-12-29,4.392435158501441,14264845.441599997,3411414.902,51843228.337884426,51843228.33788449,62.24,3.585412770830215,3.408185876623376
East Lake Bonney,2002-12-11,4.255178571428571,14107766.094599998,3430675.638,53369669.08488443,53369669.08488448,62.6,3.4491866954032617,3.1269567901234567
East Lake Bonney,2003-11-19,4.302451253481894,14451324.995199997,3435589.006,53369669.084884435,53369669.08488448,62.7,3.479530342638212,3.230576433121019
East Lake Bonney,2003-12-13,4.301428571428572,14487094.2833,3440520.994,53677951.896184415,53677951.89618448,62.80140845070423,3.459359630892143,3.062815349544073
East Lake Bonney,2004-11-11,4.362,14487094.2833,3440520.994,53677951.89618442,53677951.89618448,62.80542372881356,3.328151052985155,3.0157423780487806
East Lake Bonney,2004-12-11,4.3840216216216215,14522323.9334,3445317.052,53987253.95128442,53987253.95128448,62.890410958904106,3.3466012016071547,3.010406344410876
East Lake Bonney,2005-11-21,4.0274074074074075,13650563.9632,3454870.292,55549507.87398441,55549507.873984486,63.1,3.203632003191375,2.922822916666667
East Lake Bonney,2005-12-15,3.7082962962962966,12727186.045100002,3459712.946,56818857.08668441,56818857.08668448,63.19857142857143,3.2617712721993093,2.991202095808383
East Lake Bonney,2005-12-28,3.6877433628318586,12753720.696700003,3464561.738,57138778.60888442,57138778.60888448,63.254285714285714,3.18172525442251,2.930607669616519
East Lake Bonney,2006-11-25,3.29625,11507375.134600004,3474172.321,59079476.3950844,59079476.39508448,63.48277777777778,3.2958682269218573,3.00255583649389
East Lake Bonney,2006-12-21,3.1845098039215687,10852592.231900003,3474172.321,59734259.2977844,59734259.29778448,63.49,3.3070565670932695,3.033825958702065
East Lake Bonney,2007-11-24,3.225,11159957.902500004,3469349.92,59079476.3950844,59079476.39508448,63.35333333333333,3.301385165389156,2.9473360058309037
East Lake Bonney,2007-12-14,3.13,10833029.273600003,3469349.92,59406405.023984395,59406405.02398448,63.42,3.3707000168749466,2.9994139941690965
East Lake Bonney,2007-12-29,2.9692857142857143,10194321.352200003,3474172.321,60392530.1774844,60392530.17748448,63.47,3.291617385383222,2.9513094555873933
East Lake Bonney,2008-11-23,3.1491071428571424,10813022.910500003,3464561.738,59079476.3950844,59079476.39508448,63.319504643962844,3.357634569278272,2.9838909620991254
East Lake Bonney,2008-12-20,3.0666666666666664,10505174.999800002,3469349.92,59734259.297784396,59734259.29778448,63.391304347826086,3.395742908159594,3.0252789855072466
East Lake Bonney,2009-11-19,3.28,11258546.488000004,3493844.248,60722904.4398844,60722904.439884484,63.9,3.2964780224280843,2.9421822766570607
East Lake Bonney,2009-12-14,3.17,10927385.593300004,3493844.248,61054065.33458441,61054065.33458448,63.922,3.328018409771644,2.974172910662824
East Lake Bonney,2009-12-31,3.12,10945388.360700002,3498970.85,61385959.652184404,61385959.65218448,63.955999999999996,3.3384844974947208,2.9904066091954022
East Lake Bonney,2010-11-19,3.46,11938817.835400002,3498970.85,60392530.1774844,60392530.17748448,64.02222222222223,3.367003600809474,2.9832420289855075
East Lake Bonney,2010-12-15,3.37,11665679.728500001,3514814.585,61718556.6834844,61718556.68348448,64.3111111111111,3.378302100862629,3.003341954022988
East Lake Bonney,2011-11-18,3.525,12055708.194199998,3529380.53,62385898.2662844,62385898.26628448,64.63614457831325,3.295668636278405,2.9365156250000006
East Lake Bonney,2011-11-26,3.485,12409122.9806,3534147.864,62385898.2662844,62385898.26628448,64.66506024096385,3.318882305309687,2.9432080965909093
East Lake Bonney,2011-12-18,3.375,11738626.9435,3534147.864,63056394.303384416,63056394.30338448,64.74457831325302,3.2932766883486093,2.942100566572238
East Lake Bonney,2012-11-18,3.51,12127598.560299996,3548606.489,63730537.15418443,63730537.15418448,65.03882352941176,3.256857443645653,2.939029119318182
East Lake Bonney,2012-12-16,3.35,11806172.993399994,3553473.167,64407310.03778443,64407310.03778449,65.13764705882353,3.266041273310603,2.9553441926345605
East Lake Bonney,2013-11-24,3.7643999999999997,13195113.360899996,3563317.547,63730537.15418442,63730537.15418448,65.34615384615384,3.1594211530885024,2.691847527472527
East Lake Bonney,2013-12-13,3.715,13232487.805999996,3573213.133,64407310.03778442,64407310.03778449,65.49230769230769,3.1775808283410742,2.6845532786885244
East Lake Bonney,2014-11-19,3.756666666666667,13251147.662499998,3578233.568,64746473.53808441,64746473.538084485,65.60107238605897,3.1592543079525104,2.7456795580110502
East Lake Bonney,2014-12-20,3.65,12911496.766599998,3578233.568,65086124.43398442,65086124.43398449,65.60938337801608,3.2135067083355984,2.7854111570247935
East Lake Bonney,2015-11-21,3.885357142857143,13609478.506699998,3583308.442,64746473.53808441,64746473.538084485,65.69946380697051,3.2554743417494967,2.8170998603351953
East Lake Bonney,2015-12-17,3.6950000000000003,13288532.0033,3588579.594,65426278.00088442,65426278.00088449,65.77619047619048,3.262074126720933,2.8258027777777777
East Lake Bonney,2016-11-19,4.040882352941177,14307499.9664,3588579.594,64407310.03778441,64407310.03778449,65.8025974025974,3.2435118073823506,2.7869648760330583
East Lake Bonney,2016-12-21,3.895,13628685.5702,3588579.594,65086124.433984414,65086124.43398449,65.84415584415585,3.2183854801417633,2.781477397260274
East Lake Bonney,2017-11-22,3.9700867052023123,13968336.4661,3588579.594,64746473.53808441,64746473.538084485,65.8,3.183550240904399,2.6653455284552843
East Lake Bonney,2017-12-18,3.99,13968336.4661,3588579.594,64713803.01251995,64746473.538084485,65.8,3.2119797058143686,2.6865338753387533
East Lake Bonney,2018-11-20,4.18,14646158.2534,3588579.594,64035981.22521996,64068651.75078449,65.8,3.141576800525535,2.615042438692098
East Lake Bonney,2018-12-22,3.9793750000000006,13968336.4661,3588579.594,64713803.01251995,64746473.538084485,65.83870967741936,3.106977521812925,2.6180685636856373
East Lake Bonney,2021-12-16,3.720862068965517,13326018.238000002,3599006.407,66075403.25391995,66108073.77948449,65.96206896551725,3.0267285192868316,2.583367292225201
East Lake Bonney,2022-11-29,3.52,12642305.503000002,3599006.407,66759115.98891995,66791786.514484495,66.00185185185185,3.1092908919414333,2.62386
East Lake Bonney,2022-12-19,3.184772727272727,11269045.838000003,3599006.407,68132375.65392,68165046.1794845,66.03888888888889,2.916111701851013,2.526411609498681
East Lake Bonney,2023-11-22,3.3,11596756.197300002,3593813.726,67444764.65391995,67477435.1794845,65.9,3.0778979859073643,2.6530464190981435
Lake Fryxell,1995-10-15,4.1452028639618135,25705080.219099995,7104786.76,26357788.38038002,29084742.185916435,17.36379781420765,1.8485104604476699,2.2135694444444445
Lake Fryxell,1995-12-28,4.113589498806682,25705080.219099995,7104786.76,26357788.38038002,29084742.185916435,17.353688524590165,2.0397649609153428,2.3297268518518517
Lake Fryxell,1996-11-09,3.89,23929929.886299994,7066350.548,27422460.037180014,30149413.842716437,17.310382513661203,1.752293471023861,2.104250826446281
Lake Fryxell,1996-11-20,4.065,24994601.543099996,7066350.548,26357788.38038002,29084742.185916435,17.308879781420764,1.8261848743010467,2.1635555555555555
Lake Fryxell,1997-11-19,3.631,22684905.007099994,7028637.373,27960849.86158002,30687803.667116437,17.2,1.4582389365027573,1.8834009009009007
Lake Fryxell,1998-10-29,4.322617502458211,26356287.244,7028637.373,24289467.624680012,27016421.43021643,17.2,1.421704477761252,1.788043269230769
Lake Fryxell,1998-11-24,4.34907677356657,26356287.244,7028637.373,24289467.624680012,27016421.43021643,17.2,1.3830464736037362,1.7495240384615387
Lake Fryxell,1998-12-21,4.400767735665696,26857295.2253,7028637.373,23788459.643380016,26515413.44891643,17.2,1.505728156032882,1.8359466019417476
Lake Fryxell,1999-10-31,4.988833333333333,29192042.7437,7028637.373,21453712.124980025,24180665.93051643,17.2,1.5754243011517173,1.8282857142857143
Lake Fryxell,1999-12-24,4.665,27593237.164300002,6990987.794,22349653.96708002,25076607.77261643,17.143243243243244,1.3301751849739514,1.6363
Lake Fryxell,2000-12-04,4.515162138475022,26653202.78240001,6912865.189,21895353.04848002,24622306.85401643,16.899186991869918,1.2335535567571698,1.533888888888889
Lake Fryxell,2001-10-26,5.07925925925926,28407189.83830001,6872099.966,19450079.47368002,22177033.27921643,16.810840108401084,1.2799748789681133,1.5451505376344086
Lake Fryxell,2001-11-25,4.91375,28034402.95590001,6872099.966,19822866.356080018,22549820.16161643,16.80271002710027,1.2283249481888685,1.501531914893617
Lake Fryxell,2001-12-20,4.901460036330609,27938670.092200007,6912865.189,20609885.73868002,23336839.54421643,16.925,1.3367793334513631,1.582833333333333
Lake Fryxell,2002-10-31,4.746606494096276,28535534.6256,7066350.548,22816855.297880016,25543809.10341643,17.303367003367004,1.2227035400271409,1.477128712871287
Lake Fryxell,2002-11-30,4.735855327468231,28766060.269199997,7104786.76,23296808.330280013,26023762.135816433,17.374074074074073,1.1661318902838531,1.4345931372549021
Lake Fryxell,2003-11-04,5.021153846153846,29898677.7985,7066350.548,21453712.124980025,24180665.93051643,17.313402061855673,1.308595079008057,1.5228877551020408
Lake Fryxell,2003-11-30,5.050963855421687,29898677.7985,7066350.548,21453712.124980025,24180665.93051643,17.32,1.3688537909324867,1.5681275510204082
Lake Fryxell,2004-10-30,5.347625329815303,31143238.6631,7066350.548,20209151.260380015,22936105.06591643,17.3072131147541,1.3566515613073562,1.5495368421052633
Lake Fryxell,2004-12-02,5.321503957783641,30742504.1848,7066350.548,20609885.73868002,23336839.54421643,17.326190476190476,1.4031035835565226,1.5881354166666666
Lake Fryxell,2004-12-29,5.300131926121372,31452982.860799998,7104786.76,20609885.73868002,23336839.54421643,17.39047619047619,1.4359984718704069,1.6136666666666668
Lake Fryxell,2005-11-12,5.23,31037991.5508,7104786.76,21024877.048680022,23751830.85421643,17.4,1.2719526843578075,1.4928939617083947
Lake Fryxell,2005-12-07,5.211944444444445,30609156.4745,7104786.76,21453712.124980025,24180665.93051643,17.43125,1.342267376895881,1.5532551020408163
Lake Fryxell,2005-12-26,5.198222222222222,31323491.8688,7143353.943,21453712.124980025,24180665.93051643,17.4609375,1.3824629810384568,1.5839606413994167
Lake Fryxell,2006-11-11,4.877692307692308,29246013.301599998,7104786.76,22816855.297880016,25543809.10341643,17.401993355481725,1.5014811243827693,1.7005990099009902
Lake Fryxell,2006-12-11,4.638290598290598,28274408.9561,7104786.76,23788459.643380016,26515413.44891643,17.436363636363634,1.515250368494205,1.7247281553398057
Lake Fryxell,2007-11-12,4.377692307692308,26750472.281099997,7104786.76,25312396.318380013,28039350.123916432,17.400675675675675,1.5572621854101758,1.7884528301886795
Lake Fryxell,2007-12-06,4.109999999999999,25174995.713999994,7104786.76,26887872.885480016,29614826.691016436,17.444,1.7532569359522092,1.941651376146789
Lake Fryxell,2007-12-28,3.6975,23729347.664399993,7143353.943,29047856.32938002,31774810.134916436,17.488,1.7123277073176983,1.9459734513274336
Lake Fryxell,2008-11-13,4.078225806451613,25174995.713999994,7104786.76,26887872.885480016,29614826.691016436,17.424999999999997,1.9134220535668416,2.097071100917431
Lake Fryxell,2008-12-14,3.9427777777777777,24992690.237999994,7181960.657,28502709.82148002,31229663.627016436,17.58,2.0772148073959897,2.2382433035714286
Lake Fryxell,2008-12-30,3.645,23515481.558999997,7220088.134,30701927.31388002,33428881.119416434,17.66,2.0858789533433004,2.276821120689655
Lake Fryxell,2009-11-07,3.7166666666666663,24069863.996699996,7220088.134,30147544.876180023,32874498.681716435,17.702405498281788,1.9553413694501904,2.189939130434783
Lake Fryxell,2009-12-08,3.64,23515481.558999997,7220088.134,30701927.31388002,33428881.119416434,17.7,2.103964530806218,2.300530172413793
Lake Fryxell,2009-12-30,3.2300000000000004,21267780.3633,7220088.134,32949628.509580016,35676582.315116435,17.7,2.1014707805446142,2.33170625
Lake Fryxell,2010-11-10,3.8328571428571427,24795643.579299998,7257795.826,30147544.876180023,32874498.681716435,17.807042253521125,1.9506492872551255,2.2161173913043477
Lake Fryxell,2010-12-08,3.711515151515152,24586918.726299997,7337087.577,31819656.806580022,34546610.61211643,17.964788732394368,1.9789264030158344,2.259646186440678
Lake Fryxell,2011-11-08,3.85,25147280.216599997,7337087.577,31259295.316280022,33986249.121816434,18.03191489361702,1.859170106432183,2.170724358974359
Lake Fryxell,2011-12-09,3.835178571428571,25324592.457199994,7376737.309,31819656.806580022,34546610.61211643,18.097872340425532,2.035388993036458,2.2898283898305083
Lake Fryxell,2012-11-09,3.9439655172413794,25884953.947499994,7376737.309,31259295.316280022,33986249.121816434,18.10952380952381,1.815146167621933,2.1589935897435897
Lake Fryxell,2012-12-06,3.8506666666666667,25324592.457199994,7376737.309,31819656.806580022,34546610.61211643,18.141666666666666,2.0266635394784416,2.293459745762712
Lake Fryxell,2013-11-16,4.2852,27929717.7847,7457364.937,30701927.31388002,33428881.119416434,18.29641693811075,1.7929266583722219,2.1281788793103447
Lake Fryxell,2013-12-09,4.115,26811988.292,7457364.937,31819656.806580022,34546610.61211643,18.342105263157894,1.725993672491633,2.086845338983051
Lake Fryxell,2014-11-09,4.28,28122211.9143,7498621.32,31259295.316280022,33986249.121816434,18.39859943977591,1.8298082320490698,2.1452606837606836
Lake Fryxell,2014-12-12,4.115,27561850.424,7498621.32,31819656.806580022,34546610.61211643,18.389355742296917,1.9065091473727438,2.2066694915254237
Lake Fryxell,2015-11-08,4.165027397260275,27372349.7823,7457364.937,31259295.316280022,33986249.121816434,18.315,1.7998861204217367,2.1376153846153847
Lake Fryxell,2015-12-07,4.175753424657534,28122211.9143,7498621.32,31259295.316280022,33986249.121816434,18.35125,1.8913868790656727,2.1993675213675212
Lake Fryxell,2016-11-06,4.64171052631579,30539472.992099997,7541434.912,29596177.729680024,32323131.535216436,18.4993288590604,1.8279630554718915,2.1546666666666665
Lake Fryxell,2016-12-11,4.545,29988105.845599998,7541434.912,30147544.876180023,32874498.681716435,18.5,1.8103354318769351,2.148978260869565
Lake Fryxell,2017-11-08,5.03,32493634.345099997,7498621.32,26887872.885480016,29614826.691016436,18.409150326797384,1.7926283657583528,2.0908440366972476
Lake Fryxell,2017-12-07,4.86,31420657.368999995,7498621.32,27960849.86158002,30687803.667116437,18.4,1.7979667650897637,2.10602027027027
Lake Fryxell,2018-11-09,5.076875,32273856.7182,7457364.937,26357788.38038002,29084742.185916435,18.304290429042904,1.616589509779282,1.9342108796296296
Lake Fryxell,2018-12-08,4.95,31743772.213099997,7457364.937,26887872.885480016,29614826.691016436,18.323529411764707,1.6618115121125399,1.964573394495413
Lake Fryxell,2019-12-07,4.71,30670795.236999996,7457364.937,27960849.86158002,30687803.667116437,18.3,1.4850705484533957,1.839436936936937
Lake Fryxell,2021-12-20,4.237848837209302,27738363.7287,7416593.411,30147544.876180023,32874498.681716435,18.235185185185184,1.7408260024738633,2.000717391304348
Lake Fryxell,2022-11-10,3.538,23793670.113100003,7416593.411,34092238.49178001,36819192.29731644,18.2,1.711150226090088,2.012766393442623
Lake Fryxell,2022-12-09,3.35,22638195.191700004,7416593.411,35247713.413179986,37974667.218716435,18.2,1.7207036606681574,2.0595201612903224
Lake Fryxell,2023-11-05,3.416,23052010.771999996,7376737.309,34092238.49178001,36819192.29731644,18.1,1.9529495453534906,2.311610655737705
Lake Fryxell,2023-11-13,3.44,23052010.771999996,7376737.309,34092238.49178001,36819192.29731644,18.1,1.9712423552662717,2.327241803278689
Lake Hoare,1995-11-07,4.062247706422018,7626431.0338,2213550.867,17000838.366580006,17372095.381748397,74,0.2960826437751616,0.26129318181818184
Lake Hoare,1995-11-23,4.074724770642201,7626431.0338,2213550.867,17372095.3817484,17372095.381748397,74,0.309214509794774,0.2690232558139535
Lake Hoare,1995-12-25,4.099678899082568,7626431.0338,2213550.867,17000838.366580006,17372095.381748397,74,0.3428627029839219,0.2871522727272727
Lake Hoare,1996-11-07,4.347660550458715,8067861.064100001,2181197.115,16338053.249580003,16709310.264748394,73.91059190031153,0.24847088674734497,0.22305092592592593
Lake Hoare,1996-12-04,4.216622340425532,7903460.737000001,2181197.115,16502453.576680003,16873710.591848396,73.90218068535826,0.2824282992012561,0.2425668202764977
Lake Hoare,1997-12-27,4.46619937694704,8231289.429400001,2181197.115,16545881.8994484,16545881.899448395,73.9,0.23451842053718078,0.20734859154929577
Lake Hoare,1998-11-04,4.843703703703704,8873255.704,2181197.115,15903915.624848397,15903915.624848396,73.9,0.10856769330942433,0.11511744966442954
Lake Hoare,1998-12-02,4.803732394366198,8873255.704,2181197.115,15903915.624848397,15903915.624848396,73.9,0.12801162477168776,0.13209352517985612
Lake Hoare,1998-12-27,4.784894366197183,8714739.7994,2181197.115,16062431.529448397,16062431.529448396,73.9,0.15813156955825597,0.15941843971631203
Lake Hoare,2000-11-12,4.725788732394366,8598300.9684,2098164.769,15746821.736548401,15746821.736548396,73.71035598705502,0.20218214914232313,0.18560882352941177
Lake Hoare,2000-12-09,4.747084507042254,8598300.9684,2098164.769,15746821.736548401,15746821.736548396,73.69694444444444,0.2448071925859769,0.21608241758241759
Lake Hoare,2001-11-03,5.032857142857144,9003008.4111,2061061.132,15132297.816948397,15132297.816948395,73.60555555555555,0.18148339242401246,0.17186931818181816
Lake Hoare,2001-11-30,5.39052027027027,9449724.2245,2061061.132,14685582.003548399,14685582.003548395,73.6,0.23175243234171503,0.2129879518072289
Lake Hoare,2001-12-22,5.291966216216216,9576984.515000002,2139289.124,14982067.102348398,14982067.102348395,73.775,0.26384916494662725,0.24524528301886792
Lake Hoare,2002-11-06,3.8629324324324323,7344344.482,2236083.63,17877790.296548404,17877790.2965484,74.09919571045576,0.329357728644213,0.30031564245810055
Lake Hoare,2003-11-11,3.7709890109890107,7120736.119,2213550.867,17877790.296548404,17877790.2965484,74,0.3567565019575888,0.3361828571428571
Lake Hoare,2004-11-04,3.41,6607718.010500001,2213550.867,18390808.405048396,18390808.4050484,74.0031141868512,0.3171827199789121,0.3099217479674797
Lake Hoare,2004-12-07,3.421848404255319,6435056.322400001,2213550.867,18563470.0931484,18563470.0931484,74.03066666666666,0.36648918814660614,0.36429852941176477
Lake Hoare,2004-12-30,3.4301063829787237,6658664.685400001,2236083.63,18563470.0931484,18563470.0931484,74.06133333333332,0.42168402042868613,0.40179885057471265
Lake Hoare,2005-11-17,3.48,6607718.010500001,2213550.867,18019551.38988001,18390808.4050484,74.01518987341773,0.34034528974017364,0.3020353982300885
Lake Hoare,2005-12-11,3.4595820895522387,6658664.685400001,2236083.63,18192213.077980004,18563470.0931484,74.07594936708861,0.38537205057792034,0.340125550660793
Lake Hoare,2005-12-27,3.456238805970149,6658664.685400001,2236083.63,18192213.077980004,18563470.0931484,74.11645569620254,0.4351429893349899,0.3762378854625551
Lake Hoare,2006-11-17,3.3193406593406594,6536286.219700001,2253501.052,18911198.664048396,18911198.6640484,74.2,0.32905290571633866,0.2944557522123894
Lake Hoare,2006-12-15,3.31010989010989,6536286.219700001,2253501.052,18539941.64888,18911198.6640484,74.2,0.3808361947243589,0.3247292576419214
Lake Hoare,2007-11-17,3.215,6361264.941300001,2253501.052,18714962.927279998,19086219.9424484,74.21475409836066,0.40549744625583545,0.3391521739130434
Lake Hoare,2007-12-11,3.035,6058391.437100001,2266839.043,19244520.335780006,19615777.3509484,74.25409836065573,0.47346147591022086,0.3897060085836909
Lake Hoare,2008-11-18,3.3096774193548386,6587948.845600001,2266839.043,18714962.927279998,19086219.9424484,74.26521739130435,0.5063750774081425,0.417465
Lake Hoare,2008-12-17,3.0149999999999997,6108185.072600001,2277777.751,19422504.475380003,19793761.490548402,74.35978260869565,0.5887200433951677,0.47970726495726496
Lake Hoare,2009-11-13,3.22,6566610.3534,2296711.833,19422504.475380003,19793761.490548402,74.59599999999999,0.4583882518441613,0.3925641025641025
Lake Hoare,2009-12-11,3.045,6208597.3917000005,2296711.833,19780517.437080007,20151774.452248402,74.59526627218935,0.519510435456158,0.4359173728813559
Lake Hoare,2010-11-15,3.4070689655172415,6692181.132200001,2287540.975,19067262.513280008,19438519.5284484,74.53777777777778,0.3998549268340658,0.3441002155172413
Lake Hoare,2010-12-12,3.3,6744594.493000001,2296711.833,19244520.335780006,19615777.3509484,74.59777777777778,0.4719753460879054,0.39718347639484974
Lake Hoare,2011-11-13,3.3925806451612903,6797173.2899,2305629.365,19422504.475380003,19793761.490548402,74.7247191011236,0.3751568889993607,0.3206805555555555
Lake Hoare,2011-12-12,3.285,6670594.159399999,2314338.312,19780517.437080007,20151774.452248402,74.78988764044944,0.3962363004392427,0.3362457627118644
Lake Hoare,2012-12-08,3.4153333333333333,6849938.168899999,2314338.312,19601173.427580006,19972430.4427484,74.84747474747475,0.41672620272478317,0.341218085106383
Lake Hoare,2013-12-11,3.204395280235988,6775331.5485999985,2331491.173,20141229.323280003,20512486.3384484,74.95652173913044,0.30210709807426045,0.27241491596638656
Lake Hoare,2014-12-14,2.8982500000000004,6096157.884799998,2339743.965,21054377.383580003,21425634.398748405,75.14651162790697,0.652107262103596,0.5169753086419753
Lake Hoare,2015-12-13,3.215875370919881,6880740.326599999,2347873.774,20504582.319180004,20875839.334348403,75.19397590361446,0.5458931785250603,0.4854312499999999
Lake Hoare,2016-12-15,3.5073809523809523,7424784.557999999,2347873.774,19960538.087780006,20331795.1029484,75.2,0.4712890189957376,0.4258322784810126
Lake Hoare,2017-12-09,3.915,7906014.932599998,2339743.965,19244520.335780006,19615777.3509484,75.11666666666666,0.36390130128462883,0.33358798283261804
Lake Hoare,2018-11-15,4.3,8610593.619499998,2339743.965,18539941.64888,18911198.6640484,75.10877742946708,0.25081842710187624,0.24202576419213973
Lake Hoare,2018-12-14,4.125,8435572.341099998,2339743.965,18714962.927279998,19086219.9424484,75.10217391304347,0.28778468206617797,0.2654941304347826
Lake Hoare,2019-11-16,4.156034482758621,8435572.341099998,2339743.965,18714962.927279998,19086219.9424484,75.10101694915254,0.26113713699476704,0.23173478260869565
Lake Hoare,2019-12-13,4.035,8259793.264499998,2339743.965,18890742.00388,19261999.0190484,75.13380281690141,0.30950853435752884,0.26646861471861477
Lake Hoare,2021-12-23,2.89,6196716.3407,2355819.374,21424188.242480002,21795445.25764841,75.33225806451614,0.5277600901464116,0.4313489795918367
Lake Hoare,2022-11-18,3.0525,6514842.5978999995,2347873.774,20870480.04788,21241737.063048404,75.20151515151515,0.5314773232615916,0.44042665289256194
Lake Hoare,2022-12-22,2.585,5823763.3444,2355819.374,21797141.238780007,22168398.253948405,75.2530303030303,0.5811389001207593,0.4874230769230769
West Lake Bonney,1993-12-09,3.2,3270141.5590000004,1038547.015,17520981.481522787,17520981.481522802,62.35290322580645,0.7029830636928257,-0.6305979228486638
West Lake Bonney,1995-10-18,3.549731420161884,3541956.980430001,1035332.452,17145311.358592793,17145311.358592805,62.3,0.29929432665929195,-0.7901796874999992
West Lake Bonney,1996-11-06,3.6021412803532007,3635218.815680001,1035332.452,17052049.523342792,17052049.523342803,62.3,0.2935796960869198,-0.9076370481927705
West Lake Bonney,1996-11-25,3.6047277409860192,3635218.815680001,1035332.452,17052049.523342792,17052049.523342803,62.3,0.40270068964499206,-0.8458263473053893
West Lake Bonney,1997-11-10,3.7225675675675673,3728218.372740001,1035332.452,16959049.9662828,16959049.966282804,62.3,0.19776646290850552,-0.8760501543209879
West Lake Bonney,1997-12-03,3.6967499999999998,3635218.815680001,1035332.452,17048976.626117393,17052049.523342803,62.3,0.2543959900940685,-0.960135756676557
West Lake Bonney,1997-12-07,3.5980676470588233,3541956.980430001,1035332.452,17142238.461367395,17145311.358592805,62.3,0.2521349247237823,-0.966698964497041
West Lake Bonney,1997-12-23,3.61515,3635218.815680001,1035332.452,17048976.626117393,17052049.523342803,62.3,0.3263937367027799,-0.9178390207715135
West Lake Bonney,1998-11-12,3.9568312757201647,3890848.7848600005,1028903.327,16589674.519962799,16589674.519962804,62.108333333333334,0.08731770128355892,-1.0513765243902446
West Lake Bonney,1998-12-10,3.8746879174256224,3798898.3405700005,1028903.327,16681624.9642528,16681624.964252803,62.1241935483871,0.1776270495789802,-0.9750731707317077
West Lake Bonney,1999-11-12,3.9157131147540984,3890848.7848600005,1028903.327,16589674.519962799,16589674.519962804,62.1,0.12620265904418082,-0.9419259259259255
West Lake Bonney,1999-12-31,3.92175,3890848.7848600005,1028903.327,16589674.519962799,16589674.519962804,62.1,0.22887825425683556,-0.8646682098765434
West Lake Bonney,2000-10-31,3.959875,3868498.1443900005,1022904.449,16406544.438932799,16406544.438932804,61.918412698412695,0.01702306740438249,-1.0251031250000004
West Lake Bonney,2000-11-30,3.92,3868498.1443900005,1022904.449,16403471.541707397,16406544.438932804,61.899731903485254,0.15262500428159873,-1.0163878787878782
West Lake Bonney,2001-11-10,4.059299191374663,3948352.7758400002,1019905.011,16221326.465357397,16224399.362582803,61.80723860589812,-0.013167467447681425,-1.1501158536585356
West Lake Bonney,2001-12-05,4.050539083557951,3948352.7758400002,1019905.011,16224399.362582799,16224399.362582803,61.80053619302949,0.07041897579262207,-1.0198052959501551
West Lake Bonney,2001-12-29,4.042129380053908,3994060.573860001,1032117.89,16589674.5199628,16589674.519962804,62.24,0.019682584159615792,-0.8632103559870549
West Lake Bonney,2002-11-14,3.93,3947747.2890800005,1044976.141,17048976.626117393,17052049.523342803,62.6,-0.051252346503755875,-1.1202620717561378
West Lake Bonney,2003-11-19,3.7919047619047617,3771994.0190500002,1048190.703,17332621.863672785,17332621.863672804,62.7,-0.15578405174031168,-1.1498915662650608
West Lake Bonney,2003-12-13,3.640833333333333,3688774.9278000006,1051405.266,17520981.481522787,17520981.481522802,62.80140845070423,-0.07167640067001073,-1.0637387387387385
West Lake Bonney,2004-11-13,3.66,3688774.9278000006,1051405.266,17520981.481522787,17520981.481522802,62.80406779661017,-0.1692373078724613,-1.1663426042983578
West Lake Bonney,2004-12-13,3.2148387096774194,3318598.0743900007,1054619.829,17993547.4206074,17996620.3178328,62.8986301369863,-0.08464635039502699,-1.1120581171950057
West Lake Bonney,2005-11-23,3.5837300275482096,3626158.7223200006,1061048.954,17900948.004402798,17900948.0044028,63.104285714285716,-0.12376196264082207,-1.0930626822157439
West Lake Bonney,2005-12-18,3.5803553719008265,3637000.85109,1065144.422,17996620.317832798,17996620.3178328,63.21142857142857,-0.06730056917265008,-1.0339116568914954
West Lake Bonney,2005-12-29,3.578870523415978,3743924.84009,1069239.89,17993547.4206074,17996620.3178328,63.25857142857143,-0.07864328111796891,-1.1177308357348692
West Lake Bonney,2006-11-22,3.5035000000000003,3670350.87972,1077430.826,18285270.896602802,18285270.896602802,63.481944444444444,-0.21108069717333305,-1.197634782608696
West Lake Bonney,2006-12-18,3.43,3573589.47397,1077430.826,18382032.302352797,18382032.3023528,63.48916666666667,-0.11071813272078516,-1.1171718840579714
West Lake Bonney,2007-11-26,3.2986363636363634,3465846.391370001,1073335.358,18378959.4051274,18382032.3023528,63.36,-0.1484065834832973,-1.1983380816714149
West Lake Bonney,2007-12-16,3.285,3368812.7125400007,1073335.358,18475993.0839574,18479065.981182802,63.42666666666666,-0.08083076618577026,-1.1449673295454534
West Lake Bonney,2008-11-26,3.36,3455274.26132,1069239.89,18282197.999377403,18285270.896602802,63.316718266253865,0.017226881319737812,-1.0768671428571432
West Lake Bonney,2008-12-23,3.19,3271493.3122000005,1073335.358,18573312.484297402,18576385.3815228,63.43695652173913,0.10146645395969989,-1.0095630311614723
West Lake Bonney,2009-11-22,3.294074074074074,3422169.37677,1093812.698,18968520.197952792,18968520.197952803,63.9,0.043853530143714826,-0.963548132183908
West Lake Bonney,2009-12-17,3.0949999999999998,3224387.6395,1093812.698,19163229.037997387,19166301.9352228,63.928,0.14645770569682492,-0.9689700557103064
West Lake Bonney,2010-11-22,3.3942592592592593,3642160.55677,1102003.634,18965447.300727393,18968520.197952803,64.05555555555556,0.1851378750952179,-0.9586974789915969
West Lake Bonney,2010-12-17,3.26,3467900.5264100004,1115640.99,19362153.66128739,19365226.558512803,64.33333333333333,0.2595527942854306,-0.9036481994459832
West Lake Bonney,2011-11-21,3.345,3506111.517,1136097.025,19662726.174697388,19665799.0719228,64.64698795180722,0.19997407448209145,-0.921624313186812
West Lake Bonney,2011-11-26,3.324074074074074,3620403.0873,1142915.703,19662726.174697388,19665799.0719228,64.66506024096385,0.21391263831339286,-0.9079835164835169
West Lake Bonney,2011-12-21,3.1565789473684207,3533495.1305000004,1149734.381,19864607.56959739,19867680.4668228,64.75542168674698,0.28041528646450625,-0.8783463114754094
West Lake Bonney,2012-11-21,3.2954999999999997,3562575.8421000005,1165065.762,20067688.740097385,20070761.6373228,65.04941176470588,0.35922728683325367,-0.8032690217391317
West Lake Bonney,2012-12-18,3.075,3373062.3537999997,1173578.465,20374560.074897386,20377632.972122796,65.14470588235294,0.43502464719523865,-0.7337553908355801
West Lake Bonney,2013-11-21,3.3944,3713951.7615,1197467.304,20271969.686097387,20275042.583322797,65.32307692307693,0.24257247501632265,-0.8876358108108103
West Lake Bonney,2013-12-14,3.215,3648336.0378,1221356.144,20580662.196597386,20583735.093822796,65.5,0.2266597400826699,-0.9147882037533516
West Lake Bonney,2014-11-22,3.1783333333333337,3564278.1474999995,1233300.564,20788050.14329739,20791123.040522795,65.60187667560321,0.27533375624751627,-0.8576059999999993
West Lake Bonney,2014-12-23,3.075,3460101.9896999993,1233300.564,20892226.301097393,20895299.198322795,65.61018766756031,0.38429723071119987,-0.7883317819148931
West Lake Bonney,2015-11-24,3.225,3688802.6457999996,1245244.983,20788050.14329739,20791123.040522795,65.7031746031746,0.3923872812659099,-0.7970766666666663
West Lake Bonney,2015-12-20,3.02,3501028.7438999997,1257189.403,21101542.98549739,21104615.8827228,65.78571428571429,0.46986267414360244,-0.7425667989417997
West Lake Bonney,2016-11-23,3.496363636363636,3918376.2875999995,1257189.403,20684195.441797387,20687268.339022797,65.8077922077922,0.3525388590018581,-0.8303081550802147
West Lake Bonney,2016-12-23,3.3600000000000003,3814521.5860999995,1257189.403,20788050.14329739,20791123.040522795,65.84675324675325,0.40055027486680067,-0.7864826666666669
West Lake Bonney,2017-11-25,3.5294594594594595,4021909.532799999,1257189.403,20580662.196597386,20583735.093822796,65.8,0.25853252188551895,-0.8927071045576384
West Lake Bonney,2017-12-21,3.41,3918376.2875999995,1257189.403,20684195.441797387,20687268.339022797,65.8,0.29759070204265564,-0.8654378342245985
West Lake Bonney,2018-11-23,3.495980392156863,3918376.2875999995,1257189.403,20684195.441797387,20687268.339022797,65.8,0.10541287368234341,-1.0140997326203212
West Lake Bonney,2018-12-22,3.2646666666666664,3710345.4282999993,1257189.403,20892226.301097393,20895299.198322795,65.83870967741936,0.1782102005269555,-0.9481490026595739
West Lake Bonney,2019-11-24,3.3769135802469132,3792657.3472999996,1245244.983,20684195.441797387,20687268.339022797,65.73896103896104,0.14844109815532586,-0.9327205882352952
West Lake Bonney,2019-12-18,3.2724,3710345.4282999993,1257189.403,20892226.301097393,20895299.198322795,65.8012987012987,0.17414866799944845,-0.9126994680851062
West Lake Bonney,2021-12-11,3.1530645161290325,3627942.1262000003,1269133.823,21101542.98549739,21104615.8827228,65.91034482758621,0.0270144630792785,-1.0360112433862427
West Lake Bonney,2022-11-24,2.9467391304347825,3439664.0017999997,1281078.242,21417928.93409739,21421001.8313228,66.00260586319219,0.10035982922395159,-0.9632040682414688
West Lake Bonney,2022-12-17,2.828071216617211,3227044.6642,1281078.242,21630548.27169739,21633621.1689228,66.03518518518518,0.1494339511191502,-0.9395757180156663
West Lake Bonney,2023-11-19,2.91,3417339.6167,1269133.823,21312145.49499739,21315218.3922228,65.90066006600661,0.31881299457345036,-0.8050250000000001
