location_name,date_time,ice.approx,ice.vol,heat_J,heatIce_J,Area_2D,vol,cum_vol,LL,tempV,tempUse,heatTot_J_m2,heatLake_J_m3,heatIce_J_m3,dec.date,yday
East Lake Bonney,1993-12-09,3.63,12182843.9294,2259839397349095.5,3662162885177640,3420967.634,54608942.58508446,54608942.58508446,62.35290322580645,4.409567170162135,3.8406207951070335,-409920127.2444849,41382222.22171967,300600000,1993.9369863013699,343
East Lake Bonney,1995-10-20,3.646179245283019,12152113.4669,2249342234276451.8,3652925308150140,3416159.716,54297576.28418446,54297576.28418446,62.3,4.324022642529261,3.9924485530546625,-410865764.6478986,41426199.62452411,300600000,1995.8,293
East Lake Bonney,1996-11-06,3.7732183908045975,12462435.799800001,2234797437077841.8,3746208201419880,3416159.716,53987253.95128446,53987253.95128446,62.3,4.2711902855801505,3.801275,-442429772.0224151,41394908.49255673,300600000,1996.8469945355191,311
East Lake Bonney,1996-11-23,3.7800574712643678,12462435.799800001,2213187988083053.2,3746208201419880,3416159.716,53987253.95128446,53987253.95128446,62.3,4.285868184683225,3.709322188449848,-448755427.375582,40994639.03239326,300600000,1996.8934426229507,328
East Lake Bonney,1997-11-10,3.939636363636364,13080020.6662,2192355796697068.2,3931854212259720,3416159.716,53369669.084884465,53369669.084884465,62.3,4.211986440681251,3.9029443548387097,-509197040.0024036,41078684.47170107,300600000,1997.8575342465754,314
East Lake Bonney,1997-12-01,3.7415000000000003,12462435.799800001,2213326574744749.2,3746208201419880,3416159.716,53987253.95128446,53987253.95128446,62.3,4.253421454253019,3.6717348484848484,-448714859.4065122,40997206.05796973,300600000,1997.9150684931508,335
East Lake Bonney,1997-12-08,3.7615529411764705,12462435.799800001,2197916520613420.2,3746208201419880,3416159.716,53987253.95128446,53987253.95128446,62.3,4.244237666679154,3.6830863636363635,-453225788.4649969,40711767.31079369,300600000,1997.9342465753425,342
East Lake Bonney,1997-12-21,3.7731,12462435.799800001,2220308936618943.8,3746208201419880,3416159.716,53987253.95128446,53987253.95128446,62.3,4.298640959249726,4.08999259868421,-446670938.0285123,41126539.58325877,300600000,1997.9698630136986,355
East Lake Bonney,1998-11-12,4.062769230769231,13316116.161700001,2154239071700319.8,4002824518207020,3406542.884,52450816.127584465,52450816.127584465,62.108333333333334,4.120416698147423,3.6694119496855344,-542657324.2888612,41071602.517303474,300600000,1998.86301369863,316
East Lake Bonney,1998-12-10,4.085807065217391,13316116.161700001,2168734312049470,4002824518207020,3406542.884,52450816.127584465,52450816.127584465,62.1241935483871,4.197427118706883,3.8552305825242716,-538402206.7568811,41347961.23618196,300600000,1998.9397260273972,344
East Lake Bonney,1999-11-09,4.206519021739131,13923703.9514,2056428964614140.2,4185465407790840.5,3406542.884,51843228.33788446,51843228.33788446,62.1,3.8600985327551838,3.478022727272727,-624984483.0007724,39666298.38735185,300600000,1999.854794520548,313
East Lake Bonney,2000-10-30,4.0760000000000005,13242896.0961,2058293878465979,3980814566487660,3396508.959,51843228.33788446,51843228.33788446,61.91904761904762,3.668431110297961,3.575431666666667,-566028446.0394032,39702270.56562139,300600000,2000.827868852459,304
East Lake Bonney,2000-11-28,4.300542857142857,13846417.9951,1992320848720606,4162233249327060,3396508.959,51239706.43888446,51239706.43888446,61.90063492063492,3.6338475909698658,3.4299614147909967,-638865501.8431983,38882362.667259276,300600000,2000.9071038251366,333
East Lake Bonney,2001-11-10,4.488914285714286,14404302.4634,2023649123890286.2,4329933320498040,3391635.003,50342171.07468446,50342171.07468446,61.80723860589812,3.615120424092442,3.366517973856209,-679991860.7302314,40197891.36404404,300600000,2001.8575342465754,314
East Lake Bonney,2001-12-05,4.412492795389049,14404302.4634,2051684808625714.5,4329933320498040,3391635.003,50342171.07468446,50342171.07468446,61.80053619302949,3.6689919677363987,3.2622309523809525,-671725734.0065037,40754793.93969649,300600000,2001.9260273972602,339
East Lake Bonney,2001-12-29,4.392435158501441,14264845.4416,2036316158507245,4288012539744960.5,3411414.902,51843228.33788446,51843228.33788446,62.24,3.585412770830212,3.4081858766233766,-660047647.6542388,39278344.03435879,300600000,2001.9917808219177,363
East Lake Bonney,2002-12-11,4.255178571428571,14107766.094600001,2031661034452981.2,4240794488036760.5,3430675.638,53369669.084884465,53369669.084884465,62.6,3.4491866954032595,3.1269567901234567,-643935389.6107911,38067709.04315753,300600000,2002.9424657534246,345
East Lake Bonney,2003-11-19,4.302451253481894,14451324.9952,2070783688138774.2,4344068293557120.5,3435589.006,53369669.084884465,53369669.084884465,62.7,3.479530342638213,3.230576433121019,-661687006.6379372,38800759.37598924,300600000,2003.8821917808218,323
East Lake Bonney,2003-12-13,4.301428571428572,14487094.283300001,2039241182841096.8,4354820541559980.5,3440520.994,53677951.89618446,53677951.89618446,62.80140845070423,3.459359630892144,3.062815349544073,-673031602.7011821,37990294.167427994,300600000,2003.9479452054795,347
East Lake Bonney,2004-11-11,4.362,14487094.283300001,1954744122387462.5,4354820541559980.5,3440520.994,53677951.89618446,53677951.89618446,62.80542372881356,3.3281510529851555,3.0157423780487806,-697590982.1094142,36416145.797962345,300600000,2004.860655737705,316
East Lake Bonney,2004-12-11,4.3840216216216215,14522323.933400001,1963802746162156.5,4365410574380040.5,3445317.052,53987253.95128446,53987253.95128446,62.890410958904106,3.3466012016071485,3.010406344410876,-697064389.7123358,36375303.47319015,300600000,2004.9426229508197,346
East Lake Bonney,2005-11-21,4.0274074074074075,13650563.963200001,1932329341965935.2,4103359527337920.5,3454870.292,55549507.87398446,55549507.87398446,63.1,3.2036320031913754,2.9228229166666666,-628397016.9297416,34785714.86806824,300600000,2005.8876712328768,325
East Lake Bonney,2005-12-15,3.7082962962962966,12727186.045100002,2029463994242712.8,3825792125157060,3459712.946,56818857.086684465,56818857.086684465,63.19857142857143,3.261771272199307,2.9912020958083834,-519213055.8089218,35718141.79835586,300599999.99999994,2005.9534246575342,349
East Lake Bonney,2005-12-28,3.6877433628318586,12753720.696700001,1961311105828705,3833768441428020,3464561.738,57138778.60888446,57138778.60888446,63.254285714285714,3.1817252544225045,2.9306076696165193,-540460086.2099906,34325394.30452128,300600000,2005.9890410958903,362
East Lake Bonney,2006-11-25,3.29625,11507375.1346,2089474759189600.2,3459116965460760,3474172.321,59079476.39508446,59079476.39508446,63.48277777777778,3.295868226921854,3.0025558364938894,-394235541.5107689,35367184.79386268,300600000,2006.8986301369864,329
East Lake Bonney,2006-12-21,3.1845098039215687,10852592.231900001,2105051600927777.5,3262289224909140,3474172.321,59734259.29778446,59734259.29778446,63.49,3.3070565670932632,3.033825958702065,-333097358.7540025,35240272.93004123,300600000,2006.9698630136986,355
East Lake Bonney,2007-11-24,3.225,11159957.9025,2078337484939581.5,3354683345491500,3469349.92,59079476.39508446,59079476.39508446,63.35333333333333,3.30138516538915,2.9473360058309037,-367891936.52507627,35178671.37211974,300600000,2007.8958904109588,328
East Lake Bonney,2007-12-14,3.13,10833029.2736,2113139343739659.8,3256408599644160,3469349.92,59406405.02398446,59406405.02398446,63.42,3.370700016874943,2.999413994169096,-329534143.9368273,35570900.863072105,300600000,2007.9506849315069,348
East Lake Bonney,2007-12-29,2.9692857142857143,10194321.352200001,2071066165551441,3064412998471320,3474172.321,60392530.17748446,60392530.17748446,63.47,3.291617385383222,2.9513094555873924,-285923305.2187681,34293416.08084464,300599999.99999994,2007.9917808219177,363
East Lake Bonney,2008-11-23,3.1491071428571424,10813022.910500001,2081637877085414,3250394686896300,3464561.738,59079476.39508446,59079476.39508446,63.319504643962844,3.3576345692782645,2.9838909620991254,-337346221.0217615,35234534.97056739,300599999.99999994,2008.8934426229507,328
East Lake Bonney,2008-12-20,3.0666666666666664,10505174.9998,2095393446806914.5,3157855604939880,3469349.92,59734259.29778446,59734259.29778446,63.391304347826086,3.3957429081595922,3.025278985507246,-306242432.33814985,35078587.588423185,300600000,2008.967213114754,355
East Lake Bonney,2009-11-19,3.28,11258546.488000002,2092395170595657.8,3384319074292800,3493844.248,60722904.43988446,60722904.43988446,63.9,3.296478022428082,2.9421822766570607,-369771464.32233924,34458087.76599486,300599999.99999994,2009.8821917808218,323
East Lake Bonney,2009-12-14,3.17,10927385.5933,2113338595064242.8,3284772109345980,3493844.248,61054065.33458446,61054065.33458446,63.922,3.3280184097716385,2.974172910662824,-335284984.4271985,34614215.83448807,300600000,2009.9506849315069,348
East Lake Bonney,2009-12-31,3.12,10945388.3607,2116601852841765,3290183741226420,3498970.85,61385959.652184464,61385959.652184464,63.955999999999996,3.3384844974947216,2.9904066091954022,-335407735.21581495,34480227.47928881,300600000,2009.9972602739726,365
East Lake Bonney,2010-11-19,3.46,11938817.8354,2116647294008559,3588808641321240,3498970.85,60392530.17748446,60392530.17748446,64.02222222222223,3.3670036008094684,2.983242028985507,-420741243.7610565,35048163.86708844,300600000,2010.8821917808218,323
East Lake Bonney,2010-12-15,3.37,11665679.728500001,2151933356838460.8,3506703326387100,3514814.585,61718556.683484465,61718556.683484465,64.3111111111111,3.3783021008626237,3.0033419540229884,-385445643.51426214,34866877.52395716,300600000,2010.9534246575342,349
East Lake Bonney,2011-11-18,3.525,12055708.194200002,2101994333180692.5,3623945883176520,3529380.53,62385898.266284466,62385898.266284466,64.63614457831325,3.295668636278402,2.936515625,-431223422.0875661,33693420.9748597,300599999.99999994,2011.8794520547945,322
East Lake Bonney,2011-11-26,3.485,12409122.980600001,2120102844564835.2,3730182367968360,3534147.864,62385898.266284466,62385898.266284466,64.66506024096385,3.3188823053096868,2.943208096590909,-455577860.7353495,33983687.07484995,300599999.99999994,2011.9013698630138,330
East Lake Bonney,2011-12-18,3.375,11738626.943500001,2123497249517995.8,3528631259216100,3534147.864,63056394.30338446,63056394.30338446,64.74457831325302,3.2932766883486075,2.942100566572238,-397587781.7708943,33676160.41128473,300600000,2011.9616438356165,352
East Lake Bonney,2012-11-18,3.51,12127598.5603,2124135267597187.2,3645556127226180,3548606.489,63730537.15418446,63730537.15418446,65.03882352941176,3.2568574436456523,2.9390291193181817,-428737552.1476123,33329944.520289037,300600000,2012.879781420765,323
East Lake Bonney,2012-12-16,3.35,11806172.9934,2141756978684118.8,3548935601816040,3553473.167,64407310.037784465,64407310.037784465,65.13764705882353,3.2660412733106012,2.955344192634561,-396000914.3167174,33253321.361001723,300600000,2012.9562841530055,351
East Lake Bonney,2013-11-24,3.7643999999999997,13195113.360900002,2108814566364075.2,3966451076286540,3563317.547,63730537.15418446,63730537.15418446,65.34615384615384,3.1594211530885,2.6918475274725275,-521322190.7450913,33089546.401628178,300599999.99999994,2013.8958904109588,328
East Lake Bonney,2013-12-13,3.715,13232487.806000002,2143208549422955.2,3977685834483600,3573213.133,64407310.037784465,64407310.037784465,65.49230769230769,3.1775808283410734,2.6845532786885244,-513397106.967547,33275858.721093066,300599999.99999994,2013.9479452054795,347
East Lake Bonney,2014-11-19,3.756666666666667,13251147.662500001,2114937640595562.2,3983294987347500,3578233.568,64746473.53808446,64746473.53808446,65.60107238605897,3.159254307952505,2.74567955801105,-522145162.19974655,32664908.60465994,300599999.99999994,2014.8821917808218,323
East Lake Bonney,2014-12-20,3.65,12911496.766600002,2134680362747637.8,3881195928039960,3578233.568,65086124.433984466,65086124.433984466,65.60938337801608,3.213506708335596,2.7854111570247935,-488094343.7877676,32797779.577624116,300599999.99999994,2014.9671232876713,354
East Lake Bonney,2015-11-21,3.885357142857143,13609478.506700002,2179133227928072.8,4091009239114020,3583308.442,64746473.53808446,64746473.53808446,65.69946380697051,3.2554743417494962,2.8170998603351953,-533550500.0844545,33656400.24620471,300599999.99999994,2015.8876712328768,325
East Lake Bonney,2015-12-17,3.6950000000000003,13288532.0033,2188465398469429.2,3994532720191980,3588579.594,65426278.000884466,65426278.000884466,65.77619047619048,3.2620741267209326,2.8258027777777777,-503281946.0775629,33449333.5910052,300600000,2015.958904109589,351
East Lake Bonney,2016-11-19,4.040882352941177,14307499.966400001,2120308525295093.2,4300834489899840,3588579.594,64407310.037784465,64407310.037784465,65.8025974025974,3.243511807382346,2.786964876033058,-607629260.4044571,32920308.6427801,300600000,2016.8825136612022,324
East Lake Bonney,2016-12-21,3.895,13628685.5702,2117468282611854,4096782882402120,3588579.594,65086124.433984466,65086124.433984466,65.84415584415585,3.21838548014176,2.7814773972602738,-551559342.0582399,32533328.739823174,300600000,2016.9699453551912,356
East Lake Bonney,2017-11-22,3.9700867052023123,13968336.466100002,2119383424184889.8,4198881941709660,3588579.594,64746473.53808446,64746473.53808446,65.8,3.183550240904394,2.6653455284552847,-579476771.534239,32733573.094730005,300599999.99999994,2017.890410958904,326
East Lake Bonney,2017-12-18,3.99,13968336.466100002,2116042102078377,4198881941709660,3588579.594,64713803.01252,64746473.53808446,65.8,3.2119797058143646,2.6865338753387533,-580407870.321096,32681966.85389671,300599999.99999994,2017.9616438356165,352
East Lake Bonney,2018-11-20,4.18,14646158.253400002,2110555647554673.2,4402635170972040,3588579.594,64035981.22522,64068651.750784464,65.8,3.1415768005255336,2.615042438692098,-638714974.3730519,32942095.54720076,300599999.99999994,2018.8849315068494,324
East Lake Bonney,2018-12-22,3.9793750000000006,13968336.466100002,2087235768417341,4198881941709660,3588579.594,64713803.01252,64746473.53808446,65.83870967741936,3.106977521812921,2.618068563685637,-588435094.7162853,32237057.160952713,300599999.99999994,2018.972602739726,356
East Lake Bonney,2021-12-16,3.720862068965517,13326018.238000002,2060809459411576,4005801082342800,3599006.407,66075403.253920004,66108073.779484466,65.96206896551725,3.0267285192868325,2.583367292225201,-540424606.9549228,31173339.98091945,300599999.99999994,2021.9561643835616,350
East Lake Bonney,2022-11-29,3.52,12642305.503,2088962159983981.2,3800277034201800,3599006.407,66759115.98892,66791786.514484465,66.00185185185185,3.10929089194143,2.62386,-475496478.9418945,31275734.1732575,300600000,2022.9095890410958,333
East Lake Bonney,2022-12-19,3.184772727272727,11269045.838000001,2051321309179164,3387475178902800,3599006.407,68132375.65392001,68165046.17948446,66.03888888888889,2.9161117018510105,2.526411609498681,-371256318.7230903,30093448.536334265,300599999.99999994,2022.964383561644,353
East Lake Bonney,2023-11-22,3.3,11596756.1973,2092410413299259,3485984912908380,3593813.726,67444764.65392001,67477435.17948446,65.9,3.0778979859073607,2.653046419098143,-387770375.94550085,31009038.914025385,300600000,2023.890410958904,326
Lake Fryxell,1995-10-15,4.1452028639618135,25705080.219100002,218559865283139.44,7726947113861460,7104786.76,26357788.38038,29084742.18591644,17.36379781420765,1.8485104604476712,2.2135694444444445,-1056806840.5445459,7514588.366850699,300600000,1995.786301369863,288
Lake Fryxell,1995-12-28,4.113589498806682,25705080.219100002,239279914399889.84,7726947113861460,7104786.76,26357788.38038,29084742.18591644,17.353688524590165,2.0397649609153437,2.3297268518518517,-1053890489.9464668,8226991.075607855,300600000,1995.9890410958903,362
Lake Fryxell,1996-11-09,3.89,23929929.8863,215471125608921.9,7193336923821780,7066350.548,27422460.037180003,30149413.84271644,17.310382513661203,1.752293471023861,2.104250826446281,-987478012.9875971,7146776.60842736,300600000,1996.8551912568305,314
Lake Fryxell,1996-11-20,4.065,24994601.543100003,216040757999863.62,7513377223855860,7066350.548,26357788.38038,29084742.18591644,17.308879781420764,1.8261848743010487,2.1635555555555555,-1032688148.7533013,7427975.693196138,300599999.99999994,1996.8852459016393,325
Lake Fryxell,1997-11-19,3.631,22684905.0071,186665344118348.5,6819082445134260,7028637.373,27960849.861580003,30687803.66711644,17.2,1.458238936502757,1.883400900900901,-943627725.9791294,6082720.8797079865,300600000,1997.8821917808218,323
Lake Fryxell,1998-10-29,4.322617502458211,26356287.244000003,160701187447885.8,7922699945546401,7028637.373,24289467.62468,27016421.43021644,17.2,1.4217044777612526,1.7880432692307693,-1104339055.5210133,5948278.0820168145,300600000,1998.8246575342466,302
Lake Fryxell,1998-11-24,4.34907677356657,26356287.244000003,156423462359761.72,7922699945546401,7028637.373,24289467.62468,27016421.43021644,17.2,1.383046473603737,1.7495240384615385,-1104947669.233901,5789940.120818901,300600000,1998.8958904109588,328
Lake Fryxell,1998-12-21,4.400767735665696,26857295.225300003,166118407864532.8,8073302944725181,7028637.373,23788459.64338,26515413.44891644,17.2,1.5057281560328832,1.8359466019417476,-1124995374.9549696,6264975.207140181,300600000,1998.9698630136986,355
Lake Fryxell,1999-10-31,4.988833333333333,29192042.7437,157720588237298.2,8775128048756221,7028637.373,21453712.124980003,24180665.93051644,17.2,1.5754243011517184,1.8282857142857143,-1226042403.840902,6522590.762823117,300600000,1999.8301369863013,304
Lake Fryxell,1999-12-24,4.665,27593237.164300002,138889449474106.98,8294527091588581,6990987.794,22349653.96708,25076607.77261644,17.143243243243244,1.330175184973953,1.6363,-1166593031.261481,5538605.968299019,300600000,1999.978082191781,358
Lake Fryxell,2000-12-04,4.515162138475022,26653202.7824,128422944497219.47,8011952756389441,6912865.189,21895353.04848,24622306.854016438,16.899186991869918,1.233553556757171,1.5338888888888889,-1140414227.1480684,5215715.377873737,300600000,2000.9234972677596,339
Lake Fryxell,2001-10-26,5.07925925925926,28407189.8383,120227401088497.61,8539201265392981,6872099.966,19450079.47368,22177033.27921644,16.810840108401084,1.2799748789681142,1.5451505376344086,-1225094789.9416053,5421257.188677741,300600000,2001.8164383561643,299
Lake Fryxell,2001-11-25,4.91375,28034402.955900002,117661549374301.72,8427141528543541,6872099.966,19822866.35608,22549820.161616437,16.80271002710027,1.22832494818887,1.501531914893617,-1209161685.6973467,5217848.680433441,300600000,2001.8986301369864,329
Lake Fryxell,2001-12-20,4.901460036330609,27938670.092200004,131910298131052.19,8398364229715321,6912865.189,20609885.73868,23336839.54421644,16.925,1.3367793334513638,1.5828333333333333,-1195807195.0742145,5652449.119390011,300600000,2001.9671232876713,354
Lake Fryxell,2002-10-31,4.746606494096276,28535534.625600003,130813993374899.8,8577781708455361,7066350.548,22816855.29788,25543809.10341644,17.303367003367004,1.2227035400271409,1.477128712871287,-1195379093.8762894,5121162.346824916,300600000,2002.8301369863013,304
Lake Fryxell,2002-11-30,4.735855327468231,28766060.2692,126873329427999.72,8647077716921521,7104786.76,23296808.330280002,26023762.13581644,17.374074074074073,1.1661318902838536,1.434593137254902,-1199220282.790517,4875287.7760661775,300600000,2002.9123287671232,334
Lake Fryxell,2003-11-04,5.021153846153846,29898677.7985,131361903567502.27,8987542546229101,7066350.548,21453712.124980003,24180665.93051644,17.313402061855673,1.3085950790080587,1.5228877551020408,-1253289174.164757,5432518.026797648,300600000,2003.841095890411,308
Lake Fryxell,2003-11-30,5.050963855421687,29898677.7985,137108616169512.19,8987542546229101,7066350.548,21453712.124980003,24180665.93051644,17.32,1.368853790932488,1.5681275510204082,-1252475923.7375424,5670175.360905947,300600000,2003.9123287671232,334
Lake Fryxell,2004-10-30,5.347625329815303,31143238.6631,128350485600421.62,9361657542127860,7066350.548,20209151.26038,22936105.065916438,17.3072131147541,1.3566515613073569,1.549536842105263,-1306658506.934779,5596001.815981969,300600000,2004.827868852459,304
Lake Fryxell,2004-12-02,5.321503957783641,30742504.184800003,135045412813956.3,9241196757950880,7066350.548,20609885.73868,23336839.54421644,17.326190476190476,1.4031035835565242,1.5881354166666666,-1288663969.2272627,5786790.990188925,300600000,2004.9180327868853,337
Lake Fryxell,2004-12-29,5.300131926121372,31452982.8608,137081437555332.84,9454766647956480,7104786.76,20609885.73868,23336839.54421644,17.39047619047619,1.4359984718704073,1.6136666666666666,-1311465850.4404075,5874036.083403834,300600000,2004.9918032786886,364
Lake Fryxell,2005-11-12,5.23,31037991.550800003,124670462673434.2,9330020260170480,7104786.76,21024877.04868,23751830.854216438,17.4,1.2719526843578095,1.4928939617083947,-1295654621.0961926,5248878.010231478,300599999.99999994,2005.86301369863,316
Lake Fryxell,2005-12-07,5.211944444444445,30609156.4745,133663995730605.72,9201112436234700,7104786.76,21453712.124980003,24180665.93051644,17.43125,1.3422673768958824,1.5532551020408163,-1276244980.5747716,5527721.863189852,300600000,2005.9315068493152,341
Lake Fryxell,2005-12-26,5.198222222222222,31323491.868800003,136031432945548.06,9415841655761280,7143353.943,21453712.124980003,24180665.93051644,17.4609375,1.3824629810384585,1.583960641399417,-1299083077.3420255,5625628.067334321,300600000,2005.9835616438356,360
Lake Fryxell,2006-11-11,4.877692307692308,29246013.3016,157059710386882.56,8791351598460961,7104786.76,22816855.29788,25543809.10341644,17.401993355481725,1.5014811243827701,1.7005990099009902,-1215278118.786788,6148640.938828348,300600000,2006.8602739726027,315
Lake Fryxell,2006-12-11,4.638290598290598,28274408.956100002,165167453573111.9,8499287332203661,7104786.76,23788459.64338,26515413.44891644,17.436363636363634,1.5152503684942065,1.724728155339806,-1173028855.074399,6229110.999582076,300600000,2006.9424657534246,345
Lake Fryxell,2007-11-12,4.377692307692308,26750472.2811,178618435147685.72,8041191967698661,7104786.76,25312396.318380002,28039350.12391644,17.400675675675675,1.557262185410176,1.7884528301886793,-1106658623.0029197,6370277.283828036,300600000,2007.86301369863,316
Lake Fryxell,2007-12-06,4.109999999999999,25174995.714,211513530641497.7,7567603711628400,7104786.76,26887872.88548,29614826.69101644,17.444,1.7532569359522108,1.941651376146789,-1035371001.1962277,7142149.8713568235,300600000,2007.9287671232876,340
Lake Fryxell,2007-12-28,3.6975,23729347.6644,221610640926174.12,7133041907918640,7143353.943,29047856.329380002,31774810.13491644,17.488,1.7123277073176986,1.9459734513274336,-967533083.498571,6974412.749760304,300600000,2007.9890410958903,362
Lake Fryxell,2008-11-13,4.078225806451613,25174995.714,229709758387465.4,7567603711628400,7104786.76,26887872.88548,29614826.69101644,17.424999999999997,1.9134220535668418,2.097071100917431,-1032809878.904928,7756579.52633392,300600000,2008.8661202185792,318
Lake Fryxell,2008-12-14,3.9427777777777777,24992690.238,262532101664640.34,7512802685542800,7181960.657,28502709.821480002,31229663.62701644,17.58,2.077214807395991,2.2382433035714286,-1009511320.1172414,8406497.89892475,300600000,2008.950819672131,349
Lake Fryxell,2008-12-30,3.645,23515481.559,281962744477103.7,7068753756635400,7220088.134,30701927.31388,33428881.119416438,17.66,2.0858789533433018,2.276821120689655,-939987280.7921456,8434704.8131782,300600000,2008.9945355191257,365
Lake Fryxell,2009-11-07,3.7166666666666663,24069863.9967,260214942767376,7235401117408020,7220088.134,30147544.87618,32874498.68171644,17.702405498281788,1.955341369450192,2.189939130434783,-966080475.08366394,7915404.133967761,300600000,2009.849315068493,311
Lake Fryxell,2009-12-08,3.64,23515481.559,283867492950717.4,7068753756635400,7220088.134,30701927.31388,33428881.119416438,17.7,2.1039645308062203,2.300530172413793,-939723468.4344206,8491683.940502547,300600000,2009.9342465753425,342
Lake Fryxell,2009-12-30,3.2300000000000004,21267780.363300003,302697528694218.75,6393094777207980,7220088.134,32949628.50958,35676582.31511644,17.7,2.101470780544615,2.33170625,-843535028.3099136,8484487.836324038,300599999.99999994,2009.9945205479453,364
Lake Fryxell,2010-11-10,3.8328571428571427,24795643.5793,259826265522828.56,7453570459937580,7257795.826,30147544.87618,32874498.68171644,17.807042253521125,1.9506492872551269,2.2161173913043477,-991174781.8317245,7903581.0717118,300600000,2010.8575342465754,314
Lake Fryxell,2010-12-08,3.711515151515152,24586918.7263,277004173848698.03,7390827769125780,7337087.577,31819656.806580003,34546610.61211644,17.964788732394368,1.9789264030158353,2.259646186440678,-969570489.7372636,8018273.54234123,300600000,2010.9342465753425,342
Lake Fryxell,2011-11-08,3.85,25147280.2166,255881571846546.78,7559272433109960,7337087.577,31259295.31628,33986249.12181644,18.03191489361702,1.8591701064321835,2.170724358974359,-995407344.4833591,7528973.583680683,300600000,2011.8520547945207,312
Lake Fryxell,2011-12-09,3.835178571428571,25324592.457200002,284774020966746.06,7612572492634320,7376737.309,31819656.806580003,34546610.61211644,18.097872340425532,2.035388993036459,2.2898283898305083,-993365788.2499465,8243182.642839874,300600000,2011.9369863013699,343
Lake Fryxell,2012-11-09,3.9439655172413794,25884953.9475,249905960555188.84,7781017156618501,7376737.309,31259295.31628,33986249.12181644,18.10952380952381,1.815146167621935,2.1589935897435897,-1020927122.7368999,7353149.200414979,300600000,2012.8551912568305,314
Lake Fryxell,2012-12-06,3.8506666666666667,25324592.457200002,283576544162884.94,7612572492634320,7376737.309,31819656.806580003,34546610.61211644,18.141666666666666,2.0266635394784425,2.293459745762712,-993528119.7460674,8208520.0006112,300600000,2012.9289617486338,341
Lake Fryxell,2013-11-16,4.2852,27929717.784700003,243787093245195.3,8395673166080821,7457364.937,30701927.31388,33428881.119416438,18.29641693811075,1.7929266583722223,2.1281788793103447,-1093132244.6605413,7292708.732138716,300600000,2013.8739726027397,320
Lake Fryxell,2013-12-09,4.115,26811988.292000003,243122589887517.25,8059683680575201,7457364.937,31819656.806580003,34546610.61211644,18.342105263157894,1.7259936724916343,2.086845338983051,-1048166632.1444883,7037523.669608489,300600000,2013.9369863013699,343
Lake Fryxell,2014-11-09,4.28,28122211.914300002,252634700173816.38,8453536901438581,7498621.32,31259295.31628,33986249.12181644,18.39859943977591,1.8298082320490712,2.1452606837606836,-1093654666.8107738,7433438.720121815,300600000,2014.854794520548,313
Lake Fryxell,2014-12-12,4.115,27561850.424000002,267318951193654.34,8285092237454401,7498621.32,31819656.806580003,34546610.61211644,18.389355742296917,1.9065091473727442,2.2066694915254237,-1069232988.8530425,7737921.215920912,300600000,2014.945205479452,346
Lake Fryxell,2015-11-08,4.165027397260275,27372349.782300003,248984852969920.5,8228128344559381,7457364.937,31259295.31628,33986249.12181644,18.315,1.799886120421738,2.1376153846153847,-1069968220.5440471,7326046.839634687,300600000,2015.8520547945207,312
Lake Fryxell,2015-12-07,4.175753424657534,28122211.914300002,260726507267610.16,8453536901438581,7498621.32,31259295.31628,33986249.12181644,18.35125,1.8913868790656732,2.1993675213675212,-1092575560.8326907,7671529.339206917,300600000,2015.9315068493152,341
Lake Fryxell,2016-11-06,4.64171052631579,30539472.9921,239431000520999.03,9180165581425260,7541434.912,29596177.72968,32323131.53521644,18.4993288590604,1.8279630554718929,2.1546666666666665,-1185548199.4119823,7407419.675910302,300600000,2016.8469945355191,311
Lake Fryxell,2016-12-11,4.545,29988105.8456,241419749158987.88,9014424617187360,7541434.912,30147544.87618,32874498.68171644,18.5,1.8103354318769362,2.148978260869565,-1163307112.028334,7343678.499750217,300600000,2016.9426229508197,346
Lake Fryxell,2017-11-08,5.03,32493634.3451,215291367995491.66,9767586484137060,7498621.32,26887872.88548,29614826.69101644,18.409150326797384,1.792628365758354,2.0908440366972476,-1273873517.344328,7269715.613794208,300600000,2017.8520547945207,312
Lake Fryxell,2017-12-07,4.86,31420657.369000003,224150535868709.44,9445049605121400,7498621.32,27960849.861580003,30687803.66711644,18.4,1.7979667650897653,2.10602027027027,-1229679253.7928412,7304222.169177205,300600000,2017.9315068493152,341
Lake Fryxell,2018-11-09,5.076875,32273856.718200002,192281139412252.25,9701521329490920,7457364.937,26357788.38038,29084742.18591644,18.304290429042904,1.616589509779283,1.9342108796296296,-1275147491.1598077,6611065.629639983,300600000,2018.854794520548,313
Lake Fryxell,2018-12-08,4.95,31743772.2131,200562833844033.84,9542177927257860,7457364.937,26887872.88548,29614826.69101644,18.323529411764707,1.6618115121125405,1.964573394495413,-1252669699.3283844,6772379.11727756,300600000,2018.9342465753425,342
Lake Fryxell,2019-12-07,4.71,30670795.237000003,186777723068450.88,9219641048242200,7457364.937,27960849.861580003,30687803.66711644,18.3,1.4850705484533964,1.839436936936937,-1211267438.4965198,6086382.886651247,300599999.99999994,2019.9315068493152,341
Lake Fryxell,2021-12-20,4.237848837209302,27738363.7287,232986449622818.66,8338152136847221,7416593.411,30147544.87618,32874498.68171644,18.235185185185184,1.7408260024738647,2.000717391304348,-1092842122.8003597,7087148.366231877,300600000,2021.9671232876713,354
Lake Fryxell,2022-11-10,3.538,23793670.1131,257655696813886.03,7152377235997860,7416593.411,34092238.49178,36819192.29731644,18.2,1.711150226090088,2.012766393442623,-929634558.2269609,6997863.905685547,300600000,2022.8575342465754,314
Lake Fryxell,2022-12-09,3.35,22638195.1917,266475776723622,6805041474625020,7416593.411,35247713.41318,37974667.21871644,18.2,1.7207036606681567,2.0595201612903224,-881613071.602881,7017198.470465727,300600000,2022.9369863013699,343
Lake Fryxell,2023-11-05,3.416,23052010.772,291710988990287.4,6929434438063200,7376737.309,34092238.49178,36819192.29731644,18.1,1.9529495453534917,2.311610655737705,-899818330.3849722,7922797.073730177,300600000,2023.8438356164384,309
Lake Fryxell,2023-11-13,3.44,23052010.772,294302243165925.3,6929434438063200,7376737.309,34092238.49178,36819192.29731644,18.1,1.9712423552662721,2.3272418032786883,-899467056.6351972,7993174.885245255,300600000,2023.8657534246574,317
Lake Hoare,1995-11-07,4.062247706422018,7626431.0338,17309451498120.357,2292505168760280,2213550.867,13237273.44221,17372095.381748397,74,0.3298669647147913,0.3261625,-1027848851.8972713,996393.99380147,300600000,1995.849315068493,311
Lake Hoare,1995-11-23,4.074724770642201,7626431.0338,18435199948639.383,2292505168760280,2213550.867,13237273.44221,17372095.381748397,74,0.34959491392566755,0.33673749999999997,-1027340280.5934436,1061196.1046453794,300600000,1995.8931506849315,327
Lake Hoare,1995-12-25,4.099678899082568,7626431.0338,20577080654297.996,2292505168760280,2213550.867,13237273.44221,17372095.381748397,74,0.38808498309099193,0.3713625,-1026372658.5082275,1184490.4257155326,300600000,1995.9808219178083,359
Lake Hoare,1996-11-07,4.347660550458715,8067861.0641,13603903274157.893,2425199035868460,2181197.115,12574488.325210001,16709310.264748398,73.91059190031153,0.27563966143930596,0.27620689655172415,-1105629159.331756,814151.0965212025,300600000,1996.8497267759562,312
Lake Hoare,1996-12-04,4.216622340425532,7903460.737000001,16054776263417.664,2375780297542200,2181197.115,12738888.65231,16873710.5918484,73.90218068535826,0.31830758167906814,0.3097094017094017,-1081848818.2709622,951466.8499277,300600000,1996.9234972677596,339
Lake Hoare,1997-12-27,4.46619937694704,8231289.429400001,12856215556800.06,2474325602477640,2181197.115,12411059.95991,16545881.899448399,73.9,0.2634020577740909,0.2562217391304348,-1128494701.3699126,777003.9478662456,300600000,1997.986301369863,361
Lake Hoare,1998-11-04,4.843703703703704,8873255.704,4633635960503.456,2667300664622400,2181197.115,11769093.68531,15903915.6248484,73.9,0.10937855512969286,0.11965765765765767,-1220736544.327355,291351.8953322305,300600000,1998.841095890411,308
Lake Hoare,1998-12-02,4.803732394366198,8873255.704,5929066705341.769,2667300664622400,2181197.115,11769093.68531,15903915.6248484,73.9,0.13544777323842003,0.1393063063063063,-1220142636.1766748,372805.46786089265,300600000,1998.9178082191781,336
Lake Hoare,1998-12-27,4.784894366197183,8714739.7994,7949910456173.372,2619650783699640,2181197.115,11927609.58991,16062431.5294484,73.9,0.17449570676092088,0.17276785714285714,-1197370405.1242826,494938.1693299819,300600000,1998.986301369863,361
Lake Hoare,2000-11-12,4.725788732394366,8598300.9684,10503320852222.201,2584649271101040,2098164.769,11611999.79701,15746821.736548398,73.71035598705502,0.23022638232016862,0.2218090909090909,-1226855959.2084248,667012.1138060499,300600000,2000.863387978142,317
Lake Hoare,2000-12-09,4.747084507042254,8598300.9684,13157817708710.465,2584649271101040,2098164.769,11611999.79701,15746821.736548398,73.69694444444444,0.28463562284203753,0.26932727272727275,-1225590807.4454613,835585.6139636831,300600000,2000.9371584699454,344
Lake Hoare,2001-11-03,5.032857142857144,9003008.4111,8616534572496.084,2706304328376660,2061061.132,10997475.87741,15132297.816948399,73.60555555555555,0.2003991586102861,0.19896698113207548,-1308882959.326101,569413.494019754,300600000,2001.8383561643836,307
Lake Hoare,2001-11-30,5.39052027027027,9449724.2245,11026297601756.32,2840587101884700,2061061.132,10550760.06401,14685582.003548399,73.6,0.26247677570179734,0.25297087378640776,-1372866025.345503,750824.6931644994,300600000,2001.9123287671232,334
Lake Hoare,2001-12-22,5.291966216216216,9576984.515,13202958235416.95,2878841545209e3,2139289.124,10847245.16281,14982067.102348398,73.775,0.3033491118436973,0.29019047619047617,-1339528423.1686597,881250.7743572595,300600000,2001.972602739726,356
Lake Hoare,2002-11-06,3.8629324324324323,7344344.482000001,20711952523245.613,2207709951289200,2236083.63,13742968.357010001,17877790.2965484,74.09919571045576,0.3785740424505863,0.36467886178861786,-978048392.0299325,1158529.783585413,300599999.99999994,2002.8465753424657,310
Lake Hoare,2003-11-11,3.7709890109890107,7120736.119000001,22168828156214.95,2140493277371400,2213550.867,13742968.357010001,17877790.2965484,74,0.4029241225687107,0.39468428184281845,-956980244.1839187,1240020.5947429086,300599999.99999994,2003.8602739726027,315
Lake Hoare,2004-11-04,3.41,6607718.010500001,19995265778368.434,1986280033956300,2213550.867,14255986.465510001,18390808.4050484,74.0031141868512,0.3528980986647406,0.34648544973544976,-888294367.8826836,1087242.351612972,300599999.99999994,2004.8415300546449,309
Lake Hoare,2004-12-07,3.421848404255319,6435056.3224,23481382912031.23,1934377930513440,2213550.867,14428648.15361,18563470.0931484,74.03066666666666,0.4089045256504199,0.4154468503937008,-863272028.7070813,1264924.219136054,300600000,2004.931693989071,342
Lake Hoare,2004-12-30,3.4301063829787237,6658664.685400001,27698337124612.996,2001594604431240,2236083.63,14428648.15361,18563470.0931484,74.06133333333332,0.4788751068769563,0.4696850393700787,-882747067.6070497,1492088.3318489138,300599999.99999994,2004.9945355191257,365
Lake Hoare,2005-11-17,3.48,6607718.010500001,21249802743785.758,1986280033956300,2213550.867,14255986.465510001,18390808.4050484,74.01518987341773,0.3763386501782961,0.3813769841269841,-887727614.7151283,1155457.7849852727,300599999.99999994,2005.876712328767,321
Lake Hoare,2005-12-11,3.4595820895522387,6658664.685400001,24473263778943.22,2001594604431240,2236083.63,14428648.15361,18563470.0931484,74.07594936708861,0.4249220637705661,0.4306417322834646,-884189354.1576961,1318356.0862349798,300599999.99999994,2005.9424657534246,345
Lake Hoare,2005-12-27,3.456238805970149,6658664.685400001,28178667751731.086,2001594604431240,2236083.63,14428648.15361,18563470.0931484,74.11645569620254,0.4872656960273574,0.4920944881889764,-882532258.723932,1517963.3770160011,300599999.99999994,2005.986301369863,361
Lake Hoare,2006-11-17,3.3193406593406594,6536286.2197,21540632984232.176,1964807637641820,2253501.052,14776376.724510001,18911198.6640484,74.2,0.36732121043005134,0.36959302325581395,-862332415.1248666,1139041.1240923891,300600000,2006.876712328767,321
Lake Hoare,2006-12-15,3.31010989010989,6536286.2197,25091438476267.08,1964807637641820,2253501.052,14776376.724510001,18911198.6640484,74.2,0.42487922066602346,0.4183356589147287,-860756731.1513076,1326803.177419302,300600000,2006.9534246575342,349
Lake Hoare,2007-11-17,3.215,6361264.9413,27229564321781.31,1912196241354780,2253501.052,14951398.002910001,19086219.9424484,74.21475409836066,0.4545702605331024,0.4410807692307692,-836461414.2780523,1426660.9314933983,300600000,2007.876712328767,321
Lake Hoare,2007-12-11,3.035,6058391.437100001,33099697741798.285,1821152465992260,2266839.043,15480955.41141,19615777.350948397,74.25409836065573,0.5310674146887248,0.5112172932330827,-788786823.5603094,1687401.786307386,300599999.99999994,2007.9424657534246,345
Lake Hoare,2008-11-18,3.3096774193548386,6587948.845600001,34519719101595.18,1980337422987360,2266839.043,14951398.002910001,19086219.9424484,74.26521739130435,0.570064873601117,0.5508596153846154,-858383708.3159701,1808619.999438556,300600000,2008.879781420765,323
Lake Hoare,2008-12-17,3.0149999999999997,6108185.072600001,42163658857871.32,1836120432823560,2277777.751,15658939.551010001,19793761.4905484,74.35978260869565,0.6625208560436006,0.6371343283582089,-787590788.0731989,2130148.8793832664,300600000,2008.9590163934427,352
Lake Hoare,2009-11-13,3.22,6566610.3534,31968282200795.86,1973923072232040,2296711.833,15658939.551010001,19793761.4905484,74.59599999999999,0.5072758954045111,0.49998320895522386,-845536981.2305243,1615068.5768372447,300600000,2009.8657534246574,317
Lake Hoare,2009-12-11,3.045,6208597.3917000005,37614932542002.766,1866304375945020,2296711.833,16016952.512710001,20151774.4522484,74.59526627218935,0.5809272481750714,0.5707481617647059,-796220673.89027,1866581.6566742065,300600000,2009.9424657534246,345
Lake Hoare,2010-11-15,3.4070689655172415,6692181.132200001,27005680032763.17,2011669648339320,2287540.975,15303697.58891,19438519.5284484,74.53777777777778,0.44065098899629146,0.4334204545454545,-867597122.8478462,1389286.874097597,300599999.99999994,2010.8712328767124,319
Lake Hoare,2010-12-12,3.3,6744594.493000001,32795343229235.35,2027425104595800,2296711.833,15480955.41141,19615777.350948397,74.59777777777778,0.5253831625665337,0.5133533834586467,-868471931.352898,1671885.9845566987,300599999.99999994,2010.945205479452,346
Lake Hoare,2011-11-13,3.3925806451612903,6797173.2899,25832650224217.13,2043230290943940.2,2305629.365,15658939.551010001,19793761.4905484,74.7247191011236,0.41451352424214605,0.4066175373134328,-874987832.5390441,1305090.5072566587,300600000,2011.8657534246574,317
Lake Hoare,2011-12-12,3.285,6670594.1594,27999535104734.47,2005180604315640.2,2314338.312,16016952.512710001,20151774.4522484,74.78988764044944,0.43798602108093687,0.4286948529411765,-854318082.6066306,1389432.7356175063,300600000,2011.945205479452,346
Lake Hoare,2012-12-08,3.4153333333333333,6849938.168900001,29673323026339.605,2059091413571340.2,2314338.312,15837608.50321,19972430.442748398,74.84747474747475,0.4675620979559521,0.4485037037037037,-876889122.0537341,1485714.1754179155,300600000,2012.9344262295083,343
Lake Hoare,2013-12-11,3.204395280235988,6775331.5486,20828558664780.508,2036664663509160.2,2331491.173,16377664.39891,20512486.338448398,74.95652173913044,0.3272589894342459,0.33481702898550725,-864612368.3370169,1015408.7769330853,300600000,2013.9424657534246,345
Lake Hoare,2014-12-14,2.8982500000000004,6096157.8848,51432571561760.22,1832505060170880,2339743.965,17290812.45921,21425634.398748398,75.14651162790697,0.7317699800395661,0.6859720279720279,-761225379.8928465,2400515.690903636,300600000,2014.9506849315069,348
Lake Hoare,2015-12-13,3.215875370919881,6880740.3266,39985553701508.61,2068350542175960.2,2347873.774,16741017.39481,20875839.3343484,75.19397590361446,0.5925199524529311,0.5983303571428571,-863915688.7121699,1915398.6127742291,300600000,2015.9479452054795,347
Lake Hoare,2016-12-15,3.5073809523809523,7424784.558,32967008370131.734,2231890238134800.2,2347873.774,16196973.16341,20331795.102948397,75.2,0.5071340939035868,0.5084835766423358,-936559390.0810224,1621450.9443561651,300600000,2016.9535519125684,350
Lake Hoare,2017-12-09,3.915,7906014.932600001,23901684518182.785,2376548088739560,2339743.965,15480955.41141,19615777.350948397,75.11666666666666,0.3887561988903197,0.3874097744360902,-1005514466.2896383,1218492.8535104508,300599999.99999994,2017.9369863013699,343
Lake Hoare,2018-11-15,4.3,8610593.6195,15169978251644.578,2588344442021700,2339743.965,14776376.724510001,18911198.6640484,75.10877742946708,0.2647465205942415,0.2735687984496124,-1099767539.6376355,802169.049203837,300600000,2018.8712328767124,319
Lake Hoare,2018-12-14,4.125,8435572.3411,18139281295095.82,2535733045734660,2339743.965,14951398.002910001,19086219.9424484,75.10217391304347,0.30954862196485783,0.3115457692307692,-1076012504.829589,950386.2655775775,300600000,2018.9506849315069,348
Lake Hoare,2019-11-16,4.156034482758621,8435572.3411,16807911107464.855,2535733045734660,2339743.965,14951398.002910001,19086219.9424484,75.10101694915254,0.2878539458003734,0.28781923076923077,-1076581528.7089307,880630.6936704366,300600000,2019.8739726027397,320
Lake Hoare,2019-12-13,4.035,8259793.2645000005,20593349060632.504,2482893855308700,2339743.965,15127177.079510001,19261999.0190484,75.13380281690141,0.34537572943871747,0.3401335877862596,-1052380321.5571357,1069117.9581240513,300600000,2019.9479452054795,347
Lake Hoare,2021-12-23,2.89,6196716.3407000005,42100181657581.984,1862732932014420,2355819.374,17660623.31811,21795445.257648397,75.33225806451614,0.5911740016480732,0.570803448275862,-772823574.867518,1931604.5696661465,300600000,2021.9753424657533,357
Lake Hoare,2022-11-18,3.0525,6514842.5979,41090227575100.11,1958361684928740.2,2347873.774,17106915.12351,21241737.0630484,75.20151515151515,0.5949236014622391,0.5835422535211268,-816599034.660728,1934409.9521210839,300600000,2022.8794520547945,322
Lake Hoare,2022-12-22,2.585,5823763.344400001,47073127893932.88,1750623261326640,2355819.374,18033576.31441,22168398.253948398,75.2530303030303,0.6454160237996609,0.6391785714285714,-723124256.5681978,2123433.878924866,300599999.99999994,2022.972602739726,356
West Lake Bonney,1993-12-09,3.2,3270141.5590000004,307122735467079.7,983004552635400.1,1038547.015,17520981.481522802,17520981.481522802,62.35290322580645,0.7029830636928258,-0.6305979228486647,-650795589.8061298,17528854.52170381,300600000,1993.9369863013699,343
West Lake Bonney,1995-10-18,3.549731420161884,3541956.9804300005,287811494040763.94,1064712268317258.1,1035332.452,17145311.3585928,17145311.3585928,62.3,0.2992943266592922,-0.7901796875,-750387735.6260965,16786600.605915505,300600000,1995.7945205479452,291
West Lake Bonney,1996-11-06,3.6021412803532007,3635218.8156800005,281232400136920.94,1092746775993408.1,1035332.452,17052049.5233428,17052049.5233428,62.3,0.29357969608691964,-0.907637048192771,-783820090.1448101,16492586.404463451,300600000,1996.8469945355191,311
West Lake Bonney,1996-11-25,3.6047277409860192,3635218.8156800005,285899134422609.3,1092746775993408.1,1035332.452,17052049.5233428,17052049.5233428,62.3,0.40270068964499234,-0.8458263473053892,-779312615.9739063,16766262.26256485,300600000,1996.8989071038252,330
West Lake Bonney,1997-11-10,3.7225675675675673,3728218.3727400005,270551997500926.38,1120702442845644.1,1035332.452,16959049.9662828,16959049.9662828,62.3,0.19776646290850544,-0.8760501543209877,-821137639.1249423,15953251.982795343,300600000,1997.8575342465754,314
West Lake Bonney,1997-12-03,3.6967499999999998,3635218.8156800005,275581974901564.25,1092746775993408.1,1035332.452,17048976.6261174,17052049.5233428,62.3,0.25439599009406905,-0.9601357566765578,-789277685.1660435,16161222.996937469,300600000,1997.9205479452055,337
West Lake Bonney,1997-12-07,3.5980676470588233,3541956.9804300005,277085007653586.9,1064712268317258.1,1035332.452,17142238.461367402,17145311.3585928,62.3,0.2521349247237832,-0.9666989644970414,-760748162.7202691,16160978.465679415,300600000,1997.9315068493152,341
West Lake Bonney,1997-12-23,3.61515,3635218.8156800005,282322102922317.25,1092746775993408.1,1035332.452,17048976.6261174,17052049.5233428,62.3,0.3263937367027792,-0.9178390207715134,-782767575.2900006,16556490.909543889,300600000,1997.9753424657533,357
West Lake Bonney,1998-11-12,3.9568312757201647,3890848.7848600005,265645523764354.44,1169589144728916,1028903.327,16589674.5199628,16589674.5199628,62.108333333333334,0.0873177012835591,-1.051376524390244,-878550586.0887953,16012702.566569107,300599999.99999994,1998.86301369863,316
West Lake Bonney,1998-12-10,3.8746879174256224,3798898.3405700005,274453147022009.78,1141948841175342,1028903.327,16681624.964252802,16681624.964252802,62.1241935483871,0.17762704957898015,-0.9750731707317073,-843126532.2882295,16452422.80713886,300599999.99999994,1998.9397260273972,344
West Lake Bonney,1999-11-12,3.9157131147540984,3890848.7848600005,258954948668049.78,1169589144728916,1028903.327,16589674.5199628,16589674.5199628,62.1,0.12620265904418146,-0.9419259259259259,-885053213.6153412,15609405.016140753,300599999.99999994,1999.86301369863,316
West Lake Bonney,1999-12-31,3.92175,3890848.7848600005,265161761993093.03,1169589144728916,1028903.327,16589674.5199628,16589674.5199628,62.1,0.2288782542568353,-0.8646682098765432,-879020758.3183595,15983542.152922697,300599999.99999994,1999.9972602739726,365
West Lake Bonney,2000-10-31,3.959875,3868498.14439,261441405082106.88,1162870542203634,1022904.449,16406544.4389328,16406544.4389328,61.918412698412695,0.017023067404382173,-1.025103125,-881244712.5464865,15935190.134353051,300600000,2000.8306010928961,305
West Lake Bonney,2000-11-30,3.92,3868498.14439,264165401193072.97,1162870542203634,1022904.449,16403471.5417074,16406544.4389328,61.899731903485254,0.15262500428159906,-1.0163878787878788,-878581711.0182116,16101221.20330271,300600000,2000.9125683060108,335
West Lake Bonney,2001-11-10,4.059299191374663,3948352.7758400002,258886987653842.84,1186874844417504,1019905.011,16221326.4653574,16224399.3625828,61.80723860589812,-0.013167467447680747,-1.1501158536585365,-909876750.0453639,15956645.41214979,300600000,2001.8575342465754,314
West Lake Bonney,2001-12-05,4.050539083557951,3948352.7758400002,265469523554367.8,1186874844417504,1019905.011,16224399.3625828,16224399.3625828,61.80053619302949,0.07041897579262214,-1.0198052959501558,-903422682.431684,16362363.722789124,300600000,2001.9260273972602,339
West Lake Bonney,2001-12-29,4.042129380053908,3994060.5738600004,259838659628861.56,1200614608502316,1032117.89,16589674.5199628,16589674.5199628,62.24,0.01968258415961528,-0.863210355987055,-911500476.8238777,15662673.750240894,300600000,2001.9917808219177,363
West Lake Bonney,2002-11-14,3.93,3947747.2890800005,248926718570269.03,1186692835097448,1044976.141,17048976.6261174,17052049.5233428,62.6,-0.05125234650375525,-1.120262071756137,-897404332.7245488,14598052.757793697,300599999.99999994,2002.868493150685,318
West Lake Bonney,2003-11-19,3.7919047619047617,3771994.0190500002,249827534113096.53,1133861402126430,1048190.703,17332621.8636728,17332621.8636728,62.7,-0.15578405174031215,-1.1498915662650602,-843390296.711431,14413718.598263923,300600000,2003.8821917808218,323
West Lake Bonney,2003-12-13,3.640833333333333,3688774.9278,251112379359207.94,1108845743296680.1,1051405.266,17520981.481522802,17520981.481522802,62.80140845070423,-0.07167640067001067,-1.0637387387387387,-815797097.1561333,14332095.472164325,300600000,2003.9479452054795,347
West Lake Bonney,2004-11-13,3.66,3688774.9278,239033180647392.22,1108845743296680.1,1051405.266,17520981.481522802,17520981.481522802,62.80406779661017,-0.1692373078724613,-1.1663426042983565,-827285720.1471233,13642682.11227041,300600000,2004.8661202185792,318
West Lake Bonney,2004-12-13,3.2148387096774194,3318598.07439,240136254912720.88,997570581161634.1,1054619.829,17993547.420607403,17996620.3178328,62.8986301369863,-0.08464635039502748,-1.1120581171950048,-718206035.4081521,13343408.41067645,300600000,2004.948087431694,348
West Lake Bonney,2005-11-23,3.5837300275482096,3626158.72232,237419754905447.06,1090023311929392.1,1061048.954,17900948.0044028,17900948.0044028,63.104285714285716,-0.12376196264082219,-1.0930626822157434,-803547804.0949514,13262971.036341362,300600000,2005.8931506849315,327
West Lake Bonney,2005-12-18,3.5803553719008265,3637000.85109,242025945713034.78,1093282455837654.1,1065144.422,17996620.3178328,17996620.3178328,63.21142857142857,-0.06730056917265036,-1.0339116568914957,-799193510.7975614,13448410.9482052,300600000.00000006,2005.9616438356165,352
West Lake Bonney,2005-12-29,3.578870523415978,3743924.84009,247655254698777.88,1125423806931054.1,1069239.89,17993547.420607403,17996620.3178328,63.25857142857143,-0.07864328111796898,-1.1177308357348703,-820927614.5059237,13761209.067314543,300600000,2005.9917808219177,363
West Lake Bonney,2006-11-22,3.5035000000000003,3670350.87972,246371649960908.56,1103307474443832.1,1077430.826,18285270.896602802,18285270.896602802,63.481944444444444,-0.2110806971733331,-1.1976347826086957,-795351129.5609837,13473776.317236932,300600000,2006.890410958904,326
West Lake Bonney,2006-12-18,3.43,3573589.47397,254732545655418.03,1074220995875382.1,1077430.826,18382032.3023528,18382032.3023528,63.48916666666667,-0.11071813272078561,-1.117171884057971,-760594954.6314207,13857692.199943183,300600000,2006.9616438356165,352
West Lake Bonney,2007-11-26,3.2986363636363634,3465846.3913700003,246742618329831.34,1041833425245822.1,1073335.358,18378959.405127402,18382032.3023528,63.36,-0.1484065834832975,-1.198338081671415,-740766435.1964736,13423032.571771165,300600000,2007.9013698630138,330
West Lake Bonney,2007-12-16,3.285,3368812.71254,251430115566087.97,1012665101389524.1,1073335.358,18475993.0839574,18479065.981182802,63.42666666666666,-0.0808307661857703,-1.1449673295454545,-709223804.2375532,13606213.421290815,300600000,2007.9561643835616,350
West Lake Bonney,2008-11-26,3.36,3455274.26132,259678497988854.16,1038655442952792.1,1069239.89,18282197.9993774,18285270.896602802,63.316718266253865,0.017226881319737705,-1.0768671428571428,-728533374.268274,14201512.214790294,300600000.00000006,2008.9016393442623,331
West Lake Bonney,2008-12-23,3.19,3271493.3122,263470148305437.1,983410889647320.1,1073335.358,18573312.484297402,18576385.3815228,63.43695652173913,0.10146645395970011,-1.0095630311614732,-670750978.2249091,14183068.605343454,300600000.00000006,2008.9754098360656,358
West Lake Bonney,2009-11-22,3.294074074074074,3422169.3767700004,264808054004014.84,1028704114657062.1,1093812.698,18968520.1979528,18968520.1979528,63.9,0.04385353014371441,-0.963548132183908,-698379221.6435279,13960396.026707163,300600000,2009.890410958904,326
West Lake Bonney,2009-12-17,3.0949999999999998,3224387.6395,271729542276389.6,969250924433700.1,1093812.698,19163229.037997402,19166301.9352228,63.928,0.14645770569682487,-0.9689700557103064,-637697279.8292661,14177463.299637351,300600000.00000006,2009.958904109589,351
West Lake Bonney,2010-11-22,3.3942592592592593,3642160.55677,277049202277531.53,1094833463365062.1,1102003.634,18965447.3007274,18968520.1979528,64.05555555555556,0.1851378750952187,-0.9586974789915966,-742088533.8818498,14605736.208533147,300600000,2010.890410958904,326
West Lake Bonney,2010-12-17,3.26,3467900.5264100004,286093178140757.2,1042450898238846,1115640.99,19362153.6612874,19365226.5585128,64.33333333333333,0.2595527942854312,-0.9036481994459834,-677957987.2715942,14773551.823745275,300599999.99999994,2010.958904109589,351
West Lake Bonney,2011-11-21,3.345,3506111.517,275087375395264.56,1053937122010200,1136097.025,19662726.174697403,19665799.0719228,64.64698795180722,0.1999740744820912,-0.9216243131868131,-685548619.0670515,13988110.74948953,300600000,2011.8876712328768,325
West Lake Bonney,2011-11-26,3.324074074074074,3620403.0873000002,275815821596325.3,1088293168042380.1,1142915.703,19662726.174697403,19665799.0719228,64.66506024096385,0.21391263831339288,-0.9079835164835165,-710881252.4960599,14025152.020906808,300600000,2011.9013698630138,330
West Lake Bonney,2011-12-21,3.1565789473684207,3533495.1305000004,285216751077143,1062168636228300.1,1149734.381,19864607.5695974,19867680.466822803,64.75542168674698,0.28041528646450614,-0.8783463114754099,-675766418.7404665,14355815.292752907,300600000,2011.9698630136986,355
West Lake Bonney,2012-11-21,3.2954999999999997,3562575.8421,289838713097082.8,1070910298135260,1165065.762,20067688.7400974,20070761.637322802,65.04941176470588,0.3592272868332533,-0.8032690217391304,-670409869.1367923,14440842.770914588,300600000,2012.8879781420765,326
West Lake Bonney,2012-12-18,3.075,3373062.3538,294831257040109.75,1013942543552280,1173578.465,20374560.0748974,20377632.9721228,65.14470588235294,0.43502464719523776,-0.7337553908355795,-612750922.0375565,14468376.059351327,300600000,2012.9617486338798,353
West Lake Bonney,2013-11-21,3.3944,3713951.7615,278731796640011.22,1116413899506900,1197467.304,20271969.686097402,20275042.5833228,65.32307692307693,0.24257247501632265,-0.8876358108108108,-699544864.4557637,13747531.996272182,300600000,2013.8876712328768,325
West Lake Bonney,2013-12-14,3.215,3648336.0378,282428387117305.1,1096689812962680,1221356.144,20580662.1965974,20583735.0938228,65.5,0.2266597400826689,-0.9147882037533512,-666686314.098875,13720949.372403368,300600000,2013.9506849315069,348
West Lake Bonney,2014-11-22,3.1783333333333337,3564278.1475,282192731294512.8,1071422011138500,1233300.564,20788050.1432974,20791123.040522803,65.60187667560321,0.275333756247516,-0.857606,-639932635.1430966,13572750.771784041,300600000,2014.890410958904,326
West Lake Bonney,2014-12-23,3.075,3460101.9897000003,292386535681335.3,1040106658103820,1233300.564,20892226.3010974,20895299.198322803,65.61018766756031,0.38429723071119937,-0.7883317819148936,-606275667.3015555,13992933.669253428,300600000,2014.9753424657533,357
West Lake Bonney,2015-11-24,3.225,3688802.6458,293628786315996.6,1108854075327480,1245244.983,20788050.1432974,20791123.040522803,65.7031746031746,0.39238728126590944,-0.7970766666666667,-654670607.1021234,14122795.8558901,300600000,2015.8958904109588,328
West Lake Bonney,2015-12-20,3.02,3501028.7439,303508873697099.44,1052409240416340,1257189.403,21101542.9854974,21104615.882722802,65.78571428571429,0.46986267414360333,-0.7425667989417989,-595694145.1559789,14381160.755717216,300600000,2015.9671232876713,354
West Lake Bonney,2016-11-23,3.496363636363636,3918376.2876000004,291084526953977.5,1177863912052560,1257189.403,20684195.4417974,20687268.3390228,65.8077922077922,0.3525388590018587,-0.8303081550802139,-705366576.4144073,14070708.717249973,300599999.99999994,2016.8934426229507,328
West Lake Bonney,2016-12-23,3.3600000000000003,3814521.5861,294730633852585.9,1146645188781660,1257189.403,20788050.1432974,20791123.040522803,65.84675324675325,0.40055027486679917,-0.7864826666666667,-677634215.5733826,14175791.912641903,300600000,2016.9754098360656,358
West Lake Bonney,2017-11-25,3.5294594594594595,4021909.5328,282477306334571.25,1208986005559680,1257189.403,20580662.1965974,20583735.0938228,65.8,0.25853252188551895,-0.8927071045576408,-736968269.8678528,13723325.968149628,300600000,2017.8986301369864,329
West Lake Bonney,2017-12-21,3.41,3918376.2876000004,286267551676766,1177863912052560,1257189.403,20684195.4417974,20687268.3390228,65.8,0.29759070204265553,-0.865437834224599,-709198119.4306917,13837861.383408166,300599999.99999994,2017.9698630136986,355
West Lake Bonney,2018-11-23,3.495980392156863,3918376.2876000004,270912909971708.8,1177863912052560,1257189.403,20684195.4417974,20687268.3390228,65.8,0.10541287368234493,-1.014099732620321,-721411586.7637895,13095634.741716018,300599999.99999994,2018.8931506849315,327
West Lake Bonney,2018-12-22,3.2646666666666664,3710345.4283000003,275810977632659.6,1115329835746980,1257189.403,20892226.3010974,20895299.198322803,65.83870967741936,0.17821020052695577,-0.9481490026595745,-667774367.2600145,13199666.346715823,300600000,2018.972602739726,356
West Lake Bonney,2019-11-24,3.3769135802469132,3792657.3473,270527243839134.84,1140072798598380,1245244.983,20684195.4417974,20687268.3390228,65.73896103896104,0.14844109815532627,-0.9327205882352941,-698292758.9592587,13076992.061287956,300600000,2019.8958904109588,328
West Lake Bonney,2019-12-18,3.2724,3710345.4283000003,275321495453919.56,1115329835746980,1257189.403,20892226.3010974,20895299.198322803,65.8012987012987,0.17414866799944895,-0.9126994680851064,-668163713.6684173,13176240.877949176,300600000,2019.9616438356165,352
West Lake Bonney,2021-12-11,3.1530645161290325,3627942.1262000003,268688168742146.06,1090559403135720,1269133.823,21101542.9854974,21104615.882722802,65.91034482758621,0.027014463079277885,-1.0360112433862434,-647584375.6577386,12731251.3165476,300600000,2021.9424657534246,345
West Lake Bonney,2022-11-24,2.9467391304347825,3439664.0018,267514589993639.53,1033962998941080,1281078.242,21417928.9340974,21421001.8313228,66.00260586319219,0.1003598292239513,-0.9632040682414699,-598283839.2063179,12488425.70950473,300600000,2022.8958904109588,328
West Lake Bonney,2022-12-17,2.828071216617211,3227044.6642,276899768133942.94,970049626058520,1281078.242,21630548.271697402,21633621.1689228,66.03518518518518,0.14943395111915037,-0.9395757180156658,-541067543.8858769,12799510.81567962,300600000,2022.958904109589,351
West Lake Bonney,2023-11-19,2.91,3417339.6167,289986395646786.25,1027252288780020,1269133.823,21312145.4949974,21315218.392222803,65.90066006600661,0.3188129945734504,-0.805025,-580920530.0276941,13604664.531731581,300600000,2023.8821917808218,323
